{"coefficients": {"Intercept": 0.11600762181693369, "smokingStatus[T.1]": -0.010824743257772163, "smokingStatus[T.2]": 0.013183775910227458, "raceEthnicity[T.3]": 0.020578036625678475, "raceEthnicity[T.4]": 0.04682697229921462, "raceEthnicity[T.5]": 0.02535816653829115, "meanLagHdl": 0.0019023561837234713, "lagHdl": 0.00019682319462307465, "meanLagTotChol": -0.0035897087070969128, "lagTotChol": 0.0007993144894145165, "meanLagBmi": 0.0016103846753890982, "lagBmi": 0.0068860980034086946, "meanLagLdl": 0.0035746370564306955, "lagLdl": -0.0007759628096155298, "meanLagTrig": 0.000845087092893204, "lagTrig": -0.00017383508623687946, "meanLagWaist": -0.005894506948185746, "lagWaist": 0.0031934869394943705, "meanLagAnyPhysicalActivity": 0.008454322180698526, "lagAnyPhysicalActivity": -0.0016131531311093864, "meanLagAntiHypertensiveCount": -0.034984239084610236, "lagAntiHypertensiveCount": 0.029684727514576226, "meanLagStatin": -0.06828064523849076, "lagStatin": 0.06203829037705693, "meanLagAfib": -0.0646208264507388, "lagAfib": 0.04026688759075252, "meanLagAlcoholPerWeek": 0.00010865094444542775, "lagAlcoholPerWeek": -4.455839465786164e-06, "meanLogLagDbp": 0.22995349581591462, "logLagDbp": -0.08045724609375826, "meanLogLagSbp": -0.17450329757083383, "logLagSbp": 0.04460730533484125, "age": 0.0035523902675965273, "gender": -0.009247192425231088, "meanLagA1c": 0.9521255175871517}, "coefficient_standard_errors": {"Intercept": 0.06903506851513722, "smokingStatus[T.1]": 0.003937932098157222, "smokingStatus[T.2]": 0.005394584579760653, "raceEthnicity[T.3]": 0.0051124544448900465, "raceEthnicity[T.4]": 0.005863065736970846, "raceEthnicity[T.5]": 0.012090381024240858, "meanLagHdl": 0.0017952103557867885, "lagHdl": 0.0010261673828327986, "meanLagTotChol": 0.0017643767384162663, "lagTotChol": 0.0009797150954064685, "meanLagBmi": 0.0013463744105566896, "lagBmi": 0.0011049672078454738, "meanLagLdl": 0.0017692026761212184, "lagLdl": 0.0009785436493867112, "meanLagTrig": 0.00034156928326418187, "lagTrig": 0.00018576701951427131, "meanLagWaist": 0.0004404154356111209, "lagWaist": 0.00033239895255743714, "meanLagAnyPhysicalActivity": 0.009738158514162418, "lagAnyPhysicalActivity": 0.00841316408391719, "meanLagAntiHypertensiveCount": 0.004030844072339412, "lagAntiHypertensiveCount": 0.00315412530758925, "meanLagStatin": 0.00984609480179795, "lagStatin": 0.00738500965700749, "meanLagAfib": 0.018115579930579287, "lagAfib": 0.01448432579669115, "meanLagAlcoholPerWeek": 4.2622587297662284e-05, "lagAlcoholPerWeek": 3.3749039153738796e-05, "meanLogLagDbp": 0.015615534938409047, "logLagDbp": 0.014667387140123835, "meanLogLagSbp": 0.026212426701588434, "logLagSbp": 0.02168092023485419, "age": 0.0001537316737821086, "gender": 0.003670337845472875, "meanLagA1c": 0.0015957752097691374}, "residual_mean": -1.1210669535663462e-13, "residual_standard_deviation": 0.7532355368278792}