{"coefficients": {"Intercept": 0.16550178656843428, "smokingStatus[T.1]": -0.007800133354639138, "smokingStatus[T.2]": 0.01262773842755019, "raceEthnicity[T.3]": 0.01987394835537093, "raceEthnicity[T.4]": 0.04219493800902341, "raceEthnicity[T.5]": 0.01693695807119222, "meanLagHdl": -0.0020766102628361517, "lagHdl": 0.0016232078348975914, "meanLagTotChol": 0.0006604934437141018, "lagTotChol": -0.0009680945543858377, "meanLagBmi": 0.0012590801696512888, "lagBmi": 0.0063818022984249365, "meanLagLdl": -0.0003236517970502395, "lagLdl": 0.0006477439381167298, "meanLagTrig": 6.451563183497086e-05, "lagTrig": 9.115024056141814e-05, "meanLagWaist": -0.0055447837502774905, "lagWaist": 0.003078333701640335, "meanLagAnyPhysicalActivity": -0.0006667312905099809, "lagAnyPhysicalActivity": 0.007574160663719109, "meanLagAntiHypertensiveCount": -0.04344974680378111, "lagAntiHypertensiveCount": 0.037080123078602575, "meanLagStatin": -0.05215895835187123, "lagStatin": 0.042564428528926924, "meanLagAfib": -0.06035498860228233, "lagAfib": 0.03948498647181728, "meanLagAlcoholPerWeek": 0.00010487123981799617, "lagAlcoholPerWeek": 1.4905892749636268e-05, "meanLagCreatinine": 0.0063441348425310184, "lagCreatinine": -0.024212110465072344, "meanLogLagDbp": 0.22854794048759874, "logLagDbp": -0.07315007496512282, "meanLogLagSbp": -0.14836668182823942, "logLagSbp": 0.009982619401621928, "age": 0.0035258622448385447, "gender": -0.011131417872978888, "meanLagA1c": 0.9512271453962671}, "coefficient_standard_errors": {"Intercept": 0.06902082235454263, "smokingStatus[T.1]": 0.003929484856736541, "smokingStatus[T.2]": 0.005382931436214577, "raceEthnicity[T.3]": 0.00513212547485409, "raceEthnicity[T.4]": 0.005903957220060176, "raceEthnicity[T.5]": 0.012063432361042408, "meanLagHdl": 0.0018054471662215786, "lagHdl": 0.0010072533163134913, "meanLagTotChol": 0.001775659505684434, "lagTotChol": 0.0009599166110360673, "meanLagBmi": 0.0013593886685720254, "lagBmi": 0.001120265966308493, "meanLagLdl": 0.001780139469957837, "lagLdl": 0.0009587265701306419, "meanLagTrig": 0.00034419587733984074, "lagTrig": 0.0001820007607615869, "meanLagWaist": 0.0004416623930400868, "lagWaist": 0.00033425318657805077, "meanLagAnyPhysicalActivity": 0.009512729262558871, "lagAnyPhysicalActivity": 0.00812984621423458, "meanLagAntiHypertensiveCount": 0.004037123272783908, "lagAntiHypertensiveCount": 0.0031477639977724936, "meanLagStatin": 0.009839576579522646, "lagStatin": 0.007382766482111623, "meanLagAfib": 0.018080439710052455, "lagAfib": 0.014456175708227801, "meanLagAlcoholPerWeek": 4.2560790250326764e-05, "lagAlcoholPerWeek": 3.3732914276044157e-05, "meanLagCreatinine": 0.00861539063793818, "lagCreatinine": 0.006872413247978103, "meanLogLagDbp": 0.016597131417686452, "logLagDbp": 0.01510605126820902, "meanLogLagSbp": 0.02653019231250533, "logLagSbp": 0.02185051624369397, "age": 0.00015401072737954795, "gender": 0.00376304573395515, "meanLagA1c": 0.0015789569649944332}, "residual_mean": -2.883073638095027e-14, "residual_standard_deviation": 0.751695698186094}