{"coefficients": {"Intercept": 0.008849689079843008, "smokingStatus[T.1]": -0.0040095414242507415, "smokingStatus[T.2]": 0.0004101224119043348, "raceEthnicity[T.3]": 0.00813787004861111, "raceEthnicity[T.4]": 0.004656096737495907, "raceEthnicity[T.5]": 0.0029948342242312738, "meanLagA1c": -0.0008836710484139199, "lagA1c": 0.0010410038225707565, "meanLagHdl": -0.0004027733751186378, "lagHdl": 0.0003896030573701287, "meanLagTotChol": 0.0003655458422621212, "lagTotChol": -0.000511412373214387, "meanLagBmi": 0.0035982490774163845, "lagBmi": -0.0018820311234120715, "meanLagLdl": -0.00027845732416241405, "lagLdl": 0.00037575467836580267, "meanLagTrig": -4.238948413729988e-05, "lagTrig": 6.603594020043205e-05, "meanLagWaist": -0.0007823987543217048, "lagWaist": 6.584721425171027e-05, "meanLagAnyPhysicalActivity": 0.017136204847583384, "lagAnyPhysicalActivity": -0.01289369882360992, "meanLagAntiHypertensiveCount": -0.06349276884699954, "lagAntiHypertensiveCount": 0.0635389268454122, "meanLagStatin": -0.01754717285168406, "lagStatin": 0.015051206903114425, "meanLagAlcoholPerWeek": 2.3574209907035938e-05, "lagAlcoholPerWeek": -1.344290918916604e-06, "meanLogLagDbp": 0.004749782632857887, "logLagDbp": 0.010078592589881004, "meanLogLagSbp": 0.004946297007788549, "logLagSbp": -0.025061031173382698, "age": 0.0009814577762128826, "gender": -0.0035166543366078355, "meanLagAfib": 1.0747748233085146}, "coefficient_standard_errors": {"Intercept": 0.011767527430255442, "smokingStatus[T.1]": 0.0006711897591681082, "smokingStatus[T.2]": 0.000919546406570248, "raceEthnicity[T.3]": 0.0008714491170427199, "raceEthnicity[T.4]": 0.0009993994626765704, "raceEthnicity[T.5]": 0.002060888590170593, "meanLagA1c": 0.00046741583184769733, "lagA1c": 0.0003806344247735581, "meanLagHdl": 0.000306012364078303, "lagHdl": 0.0001749309613425944, "meanLagTotChol": 0.0003007612527158693, "lagTotChol": 0.00016701975571112483, "meanLagBmi": 0.00022943689084977417, "lagBmi": 0.00018840607698969813, "meanLagLdl": 0.0003015846598446259, "lagLdl": 0.00016682190947104556, "meanLagTrig": 5.822316658246964e-05, "lagTrig": 3.166601977179801e-05, "meanLagWaist": 7.509905938885152e-05, "lagWaist": 5.6675165235837174e-05, "meanLagAnyPhysicalActivity": 0.0016594180332587499, "lagAnyPhysicalActivity": 0.0014335895587961093, "meanLagAntiHypertensiveCount": 0.0006633047882465647, "lagAntiHypertensiveCount": 0.0005073960618986697, "meanLagStatin": 0.001679065104343555, "lagStatin": 0.0012597231658130759, "meanLagAlcoholPerWeek": 7.265603813272721e-06, "lagAlcoholPerWeek": 5.7528691058991395e-06, "meanLogLagDbp": 0.0026624700865539273, "logLagDbp": 0.0024998810786996156, "meanLogLagSbp": 0.004468520539069633, "logLagSbp": 0.0036951011838909902, "age": 2.6189602284080572e-05, "gender": 0.0006256297623136895, "meanLagAfib": 0.0018661758092952255}, "residual_mean": 2.8252570492604376e-15, "residual_standard_deviation": 0.12839416788449998}