{"coefficients": {"Intercept": 0.006808684735369566, "smokingStatus[T.1]": -0.003986040244474334, "smokingStatus[T.2]": 0.00044018156085124066, "raceEthnicity[T.3]": 0.007616891216099274, "raceEthnicity[T.4]": 0.003876512490598588, "raceEthnicity[T.5]": 0.0032206528652623592, "meanLagA1c": -0.001502520687798427, "lagA1c": 0.0017719311779850026, "meanLagHdl": -0.0003370607462909899, "lagHdl": 0.0003244688336342216, "meanLagTotChol": 0.0003070136034971746, "lagTotChol": -0.0004399868844490701, "meanLagBmi": 0.004478825757761074, "lagBmi": -0.002760847606556267, "meanLagLdl": -0.00021876770772284108, "lagLdl": 0.000300080630959366, "meanLagTrig": -3.3031731237325915e-05, "lagTrig": 5.363533476836691e-05, "meanLagWaist": -0.0011368471577479302, "lagWaist": 0.0004287329955893047, "meanLagAnyPhysicalActivity": 0.01321190606948822, "lagAnyPhysicalActivity": -0.008733128649888873, "meanLagAntiHypertensiveCount": -0.06336095663650296, "lagAntiHypertensiveCount": 0.06314772101555151, "meanLagStatin": -0.017495098965908874, "lagStatin": 0.015398439308502274, "meanLagAlcoholPerWeek": 2.6876236727738992e-05, "lagAlcoholPerWeek": -3.378732573905011e-06, "meanLagCreatinine": -0.005833614531839372, "lagCreatinine": 0.010593188290789705, "meanLogLagDbp": 0.004199474020485962, "logLagDbp": 0.01063863502870559, "meanLogLagSbp": 0.0006927776720212982, "logLagSbp": -0.021718017258968426, "age": 0.0009656053138276052, "gender": -0.0026232831352948787, "meanLagAfib": 1.074878270234061}, "coefficient_standard_errors": {"Intercept": 0.011784123701692843, "smokingStatus[T.1]": 0.000670841646829103, "smokingStatus[T.2]": 0.0009190413321182231, "raceEthnicity[T.3]": 0.0008762167780910318, "raceEthnicity[T.4]": 0.0010079957916649682, "raceEthnicity[T.5]": 0.002059621353496025, "meanLagA1c": 0.00046647300633446883, "lagA1c": 0.00038112463034830946, "meanLagHdl": 0.0003082525711522606, "lagHdl": 0.00017197908954780862, "meanLagTotChol": 0.0003031687648962014, "lagTotChol": 0.00016389978517722116, "meanLagBmi": 0.00023192937978210967, "lagBmi": 0.0001912261515980752, "meanLagLdl": 0.00030393331629295975, "lagLdl": 0.0001636962039561329, "meanLagTrig": 5.8765609124101165e-05, "lagTrig": 3.107377915382425e-05, "meanLagWaist": 7.541545543222428e-05, "lagWaist": 5.7078978097383215e-05, "meanLagAnyPhysicalActivity": 0.0016238473667205147, "lagAnyPhysicalActivity": 0.0013877665274941913, "meanLagAntiHypertensiveCount": 0.0006659249565941866, "lagAntiHypertensiveCount": 0.0005075789191719099, "meanLagStatin": 0.0016807072229487819, "lagStatin": 0.001261446164674207, "meanLagAlcoholPerWeek": 7.266709091457123e-06, "lagAlcoholPerWeek": 5.759396688381298e-06, "meanLagCreatinine": 0.0014712087342060108, "lagCreatinine": 0.0011737949448372975, "meanLogLagDbp": 0.002834455178509402, "logLagDbp": 0.0025790790030863014, "meanLogLagSbp": 0.004529988863506479, "logLagSbp": 0.003730210268449912, "age": 2.627930029423048e-05, "gender": 0.000642469043782702, "meanLagAfib": 0.0018652991915557467}, "residual_mean": -2.6616107786742757e-16, "residual_standard_deviation": 0.12833897138250588}