{"coefficients": {"Intercept": 7.5753040382473955, "smokingStatus[T.1]": -0.23522549045359398, "smokingStatus[T.2]": 2.910141550253767, "raceEthnicity[T.3]": -0.6191777181751146, "raceEthnicity[T.4]": -0.6302295239139442, "raceEthnicity[T.5]": -0.6357024630473394, "meanLagA1c": 0.050148640461061995, "lagA1c": -0.08853197236843877, "meanLagHdl": 0.0024225531988720794, "lagHdl": -0.025056811594079346, "meanLagTotChol": -0.05052755879585058, "lagTotChol": 0.08861709708067042, "meanLagBmi": 0.07760081184426848, "lagBmi": -0.03983508623385554, "meanLagLdl": 0.02455247389657858, "lagLdl": -0.06775077153565451, "meanLagTrig": -0.00014395309195387035, "lagTrig": -0.00981903281376265, "meanLagWaist": -0.027732549686060814, "lagWaist": -0.007152834370196204, "meanLagAnyPhysicalActivity": 0.07184351067719952, "lagAnyPhysicalActivity": 0.6427498409653367, "meanLagAntiHypertensiveCount": 0.3410926373079649, "lagAntiHypertensiveCount": -0.09354799239820824, "meanLagStatin": -0.6192866295199675, "lagStatin": 1.1234218002347642, "meanLagAfib": 0.06633560265224969, "lagAfib": 0.23775545177492874, "meanLagCreatinine": -1.2320000859619, "lagCreatinine": 1.0210820311763493, "meanLogLagDbp": -2.2098218548381645, "logLagDbp": -0.1400090664865008, "meanLogLagSbp": 0.8286224621623841, "logLagSbp": 1.3530232023202249, "age": -0.07609935222202563, "gender": -0.1993894840637066, "meanLagAlcoholPerWeek": 0.9438922893720583}, "coefficient_standard_errors": {"Intercept": 4.596034766524911, "smokingStatus[T.1]": 0.26166403800885674, "smokingStatus[T.2]": 0.3584209195311967, "raceEthnicity[T.3]": 0.3417454054467205, "raceEthnicity[T.4]": 0.3931417962479543, "raceEthnicity[T.5]": 0.803292248773038, "meanLagA1c": 0.1819396578412618, "lagA1c": 0.14865187293877288, "meanLagHdl": 0.12022146994958649, "lagHdl": 0.0670695106541368, "meanLagTotChol": 0.1182418765941974, "lagTotChol": 0.06392441868165051, "meanLagBmi": 0.0905425807097817, "lagBmi": 0.07464505722130718, "meanLagLdl": 0.11853989440605724, "lagLdl": 0.06384467820790243, "meanLagTrig": 0.02291973412963203, "lagTrig": 0.012119386566865682, "meanLagWaist": 0.029421910654213696, "lagWaist": 0.022264133874554712, "meanLagAnyPhysicalActivity": 0.6334584672176311, "lagAnyPhysicalActivity": 0.5413708166366664, "meanLagAntiHypertensiveCount": 0.2689222839517813, "lagAntiHypertensiveCount": 0.20970712631369262, "meanLagStatin": 0.6555183334837112, "lagStatin": 0.49199348514448304, "meanLagAfib": 1.2040230771957818, "lagAfib": 0.9626754956257626, "meanLagCreatinine": 0.5738486214550387, "lagCreatinine": 0.45784834901054894, "meanLogLagDbp": 1.1054841254330043, "logLagDbp": 1.0060466814435696, "meanLogLagSbp": 1.7666707218477993, "logLagSbp": 1.4548900747625582, "age": 0.010260916167165807, "gender": 0.2505803062629719, "meanLagAlcoholPerWeek": 0.0017355068652723368}, "residual_mean": 2.5707649262855856e-13, "residual_standard_deviation": 50.05468498556389}