{"coefficients": {"Intercept": -0.16165892700842943, "smokingStatus[T.1]": 0.008600939741659083, "smokingStatus[T.2]": 0.003937244614649649, "raceEthnicity[T.3]": 0.03916473300469638, "raceEthnicity[T.4]": 0.030490737907302792, "raceEthnicity[T.5]": 0.044756419486920246, "meanLagA1c": -0.02099984754898431, "lagA1c": 0.017592083782625043, "meanLagHdl": -0.0011814942070762179, "lagHdl": 0.0027551342571450624, "meanLagTotChol": -0.0009358741980419793, "lagTotChol": -0.0017509517805752405, "meanLagBmi": 0.004413860727599476, "lagBmi": 0.010131889167380545, "meanLagLdl": 0.0016717286715603706, "lagLdl": 0.0008443227938158009, "meanLagTrig": 0.0003117101941347754, "lagTrig": 0.00018262269974153215, "meanLagWaist": -0.010484341454456354, "lagWaist": 0.00482641965367017, "meanLagAnyPhysicalActivity": 0.0677853933855853, "lagAnyPhysicalActivity": -0.018338611498997796, "meanLagStatin": -0.20837212297937807, "lagStatin": 0.24666534376517607, "meanLagAfib": -1.094637962253003, "lagAfib": 1.0905212597859701, "meanLagAlcoholPerWeek": 0.00012282868208070966, "lagAlcoholPerWeek": -3.0050090318504004e-05, "meanLagCreatinine": -0.058988494351510976, "lagCreatinine": 0.05098205149335839, "meanLogLagDbp": 0.37528219722323264, "logLagDbp": -0.28744681701354624, "meanLogLagSbp": -0.12769848485938542, "logLagSbp": 0.06487624407728457, "age": 0.00567953831516235, "gender": -0.028206035897273524, "meanLagAntiHypertensiveCount": 0.9861927029198634}, "coefficient_standard_errors": {"Intercept": 0.05295423390850234, "smokingStatus[T.1]": 0.003014806976817224, "smokingStatus[T.2]": 0.0041299145573905046, "raceEthnicity[T.3]": 0.003937423512829646, "raceEthnicity[T.4]": 0.004529504760999076, "raceEthnicity[T.5]": 0.009255501323733642, "meanLagA1c": 0.0020955128407306968, "lagA1c": 0.001711965869852433, "meanLagHdl": 0.0013851978963699558, "lagHdl": 0.0007728056848547791, "meanLagTotChol": 0.001362364587153245, "lagTotChol": 0.0007365085630951467, "meanLagBmi": 0.0010430516011294476, "lagBmi": 0.000859268108101451, "meanLagLdl": 0.0013658043972417841, "lagLdl": 0.0007356014553920407, "meanLagTrig": 0.0002640793463585174, "lagTrig": 0.0001396375008021829, "meanLagWaist": 0.00033845365210315517, "lagWaist": 0.0002562742594466366, "meanLagAnyPhysicalActivity": 0.007298352613447976, "lagAnyPhysicalActivity": 0.006237388583313277, "meanLagStatin": 0.007494534507040082, "lagStatin": 0.005594317276897388, "meanLagAfib": 0.01336487575886272, "lagAfib": 0.01047087360174255, "meanLagAlcoholPerWeek": 3.26535175857187e-05, "lagAlcoholPerWeek": 2.5881509634706054e-05, "meanLagCreatinine": 0.006609287646155342, "lagCreatinine": 0.005272705687051492, "meanLogLagDbp": 0.012690666969796366, "logLagDbp": 0.01154990716231819, "meanLogLagSbp": 0.020351693300265566, "logLagSbp": 0.016752470049204854, "age": 0.00011792999727041415, "gender": 0.002887008911372361, "meanLagAntiHypertensiveCount": 0.001963593879708936}, "residual_mean": -1.0699521137132785e-15, "residual_standard_deviation": 0.5767282143374113}