{"coefficients": {"Intercept": 0.003320212072360062, "smokingStatus[T.1]": -0.0036201630482285236, "smokingStatus[T.2]": 0.001224165493827219, "raceEthnicity[T.3]": 0.008094786477460016, "raceEthnicity[T.4]": 0.004558323189707648, "raceEthnicity[T.5]": 0.0029885802657529, "meanLagA1c": -0.0008856314958384615, "lagA1c": 0.0011181668209911775, "meanLagHdl": -0.0006041965601571494, "lagHdl": 0.0005485326417843497, "meanLagTotChol": 0.0004598407045679771, "lagTotChol": -0.0005516547749575506, "meanLagBmi": 0.003579083238170667, "lagBmi": -0.0017917430691382161, "meanLagLdl": -0.00037795519345466117, "lagLdl": 0.0004178573956193292, "meanLagTrig": -5.823391666911042e-05, "lagTrig": 7.204583081828952e-05, "meanLagWaist": -0.0009517644259731411, "lagWaist": 0.0002000296028322795, "meanLagAnyPhysicalActivity": 0.013395877501979403, "lagAnyPhysicalActivity": -0.009494134828207974, "meanLagAntiHypertensiveCount": -0.06337250023284721, "lagAntiHypertensiveCount": 0.0633760240230102, "meanLagStatin": -0.017636766124401855, "lagStatin": 0.015342958407495529, "meanLogLagDbp": 0.0040955522648582895, "logLagDbp": 0.011533954137235493, "meanLogLagSbp": 0.006648976241945876, "logLagSbp": -0.025580540801267305, "age": 0.0009556585092390543, "gender": -0.004080414137931845, "meanLagAnyAfib": 1.0748138391907371}, "coefficient_standard_errors": {"Intercept": 0.011719625148436452, "smokingStatus[T.1]": 0.0006707168108171494, "smokingStatus[T.2]": 0.0009097574224784231, "raceEthnicity[T.3]": 0.0008714854919386643, "raceEthnicity[T.4]": 0.0010004766005726543, "raceEthnicity[T.5]": 0.0020621394445935015, "meanLagA1c": 0.00046778327750239356, "lagA1c": 0.0003812157018209817, "meanLagHdl": 0.0003025518402399255, "lagHdl": 0.0001672322489887225, "meanLagTotChol": 0.0002973953533424834, "lagTotChol": 0.00015910099901360453, "meanLagBmi": 0.0002300203062310235, "lagBmi": 0.00018949418398734146, "meanLagLdl": 0.00029813794042926785, "lagLdl": 0.0001588328591091019, "meanLagTrig": 5.75863611406592e-05, "lagTrig": 3.00868343107412e-05, "meanLagWaist": 7.518443938580796e-05, "lagWaist": 5.6992074177619124e-05, "meanLagAnyPhysicalActivity": 0.0016347899428065694, "lagAnyPhysicalActivity": 0.0014019080203761434, "meanLagAntiHypertensiveCount": 0.0006625982837389739, "lagAntiHypertensiveCount": 0.0005069356193132736, "meanLagStatin": 0.0016781590661301665, "lagStatin": 0.0012596934541302827, "meanLogLagDbp": 0.0027217000475521923, "logLagDbp": 0.0025375081058311797, "meanLogLagSbp": 0.0044784223499296436, "logLagSbp": 0.0037099137024403954, "age": 2.583449688826118e-05, "gender": 0.0006205725876308352, "meanLagAnyAfib": 0.0018656678119653046}, "residual_mean": 1.168370123300044e-15, "residual_standard_deviation": 0.1284317719306306}