{"coefficients": {"Intercept": 0.09268344143121876, "smokingStatus[T.1]": 0.003617892271043782, "smokingStatus[T.2]": -0.002706755277318342, "raceEthnicity[T.3]": 0.002502782747803453, "raceEthnicity[T.4]": -0.0015004867382075425, "raceEthnicity[T.5]": 0.0037625287995182322, "meanLagA1c": -0.00020073752977262669, "lagA1c": 0.00013069901811953128, "meanLagHdl": 0.0016312322877015581, "lagHdl": -0.0002744783314892181, "meanLagTotChol": -0.0015226712581708048, "lagTotChol": 0.00024723212500424335, "meanLagBmi": -0.00018309763823564848, "lagBmi": 8.75416259712012e-05, "meanLagLdl": 0.0014841401253494245, "lagLdl": -0.00020866406021236684, "meanLagTrig": 0.0002829594445326948, "lagTrig": -4.1018151797693345e-05, "meanLagWaist": 0.00017409850567686423, "lagWaist": -0.00023125363707926044, "meanLagAntiHypertensiveCount": 0.0034506012459255275, "lagAntiHypertensiveCount": -0.002075747163999656, "meanLagStatin": 0.010616070982580633, "lagStatin": -0.007137325214501059, "meanLagAfib": 0.020141364599598435, "lagAfib": -0.025685561309752, "meanLagAlcoholPerWeek": -1.6015712097508538e-05, "lagAlcoholPerWeek": -5.1797912121549e-06, "meanLagCreatinine": 0.0038960386474597847, "lagCreatinine": -0.002629208012418267, "meanLogLagDbp": -0.02049407725687924, "logLagDbp": 0.010262419948542545, "meanLogLagSbp": 0.003933751013332043, "logLagSbp": -0.0022042693767385657, "age": -0.0003939144127615502, "gender": -0.001677549582946497, "meanLagAnyPhysicalActivity": 0.9615664592154854}, "coefficient_standard_errors": {"Intercept": 0.01978425481941782, "smokingStatus[T.1]": 0.0011263657938019181, "smokingStatus[T.2]": 0.0015429674151268863, "raceEthnicity[T.3]": 0.0014710896019672559, "raceEthnicity[T.4]": 0.0016923335701335516, "raceEthnicity[T.5]": 0.003457879143347268, "meanLagA1c": 0.0007831782712019854, "lagA1c": 0.0006398854965519101, "meanLagHdl": 0.0005175197031867433, "lagHdl": 0.00028872951883432055, "meanLagTotChol": 0.0005089864216057656, "lagTotChol": 0.0002751683550912549, "meanLagBmi": 0.00038974342305661243, "lagBmi": 0.00032131583177358086, "meanLagLdl": 0.0005102700876187828, "lagLdl": 0.0002748266548857374, "meanLagTrig": 9.866072978939929e-05, "lagTrig": 5.2168901148786633e-05, "meanLagWaist": 0.00012664099770602977, "lagWaist": 9.583198539230712e-05, "meanLagAntiHypertensiveCount": 0.0011575769368020023, "lagAntiHypertensiveCount": 0.0009026716416761102, "meanLagStatin": 0.0028217807824826423, "lagStatin": 0.002117876531787694, "meanLagAfib": 0.005182116897142532, "lagAfib": 0.004143074535920668, "meanLagAlcoholPerWeek": 1.2200127797549646e-05, "lagAlcoholPerWeek": 9.669371677085878e-06, "meanLagCreatinine": 0.0024701329188826578, "lagCreatinine": 0.001970783880096877, "meanLogLagDbp": 0.0047587025493359345, "logLagDbp": 0.004330443157201243, "meanLogLagSbp": 0.007604793347381894, "logLagSbp": 0.006262437080674099, "age": 4.416782436212016e-05, "gender": 0.0010786560285660067, "meanLagAnyPhysicalActivity": 0.0014183809014002972}, "residual_mean": 6.845800955261096e-15, "residual_standard_deviation": 0.21546710031919153}