{"coefficients": {"Intercept": 0.12153505761915984, "smokingStatus[T.1]": 0.0029815832007309417, "smokingStatus[T.2]": -0.004592319929032782, "raceEthnicity[T.3]": 0.0031763742938991646, "raceEthnicity[T.4]": -0.0006298790100755167, "raceEthnicity[T.5]": 0.00442039514366866, "meanLagA1c": -0.0009359799972912821, "lagA1c": 0.0001260783955240476, "meanLagHdl": 0.0008675800409427307, "lagHdl": -0.000612640216372889, "meanLagTotChol": -0.0006666880997652056, "lagTotChol": 0.0004707535044141455, "meanLagBmi": 5.31717975436885e-06, "lagBmi": -0.00038868540510245207, "meanLagLdl": 0.0006106147568703821, "lagLdl": -0.0004135675717413125, "meanLagTrig": 0.00011295169233634637, "lagTrig": -7.953307014216797e-05, "meanLagWaist": 0.000156926133727444, "lagWaist": -0.00011480945015197955, "meanLagAntiHypertensiveCount": 0.005178257312880442, "lagAntiHypertensiveCount": -0.003910482263405735, "meanLagStatin": 0.0038277426856921093, "lagStatin": -0.0017966877841499368, "meanLagAfib": 0.027510688009811712, "lagAfib": -0.031002995248420533, "meanLagAlcoholPerWeek": -1.2486344615717882e-05, "lagAlcoholPerWeek": -1.6355152009631069e-06, "meanLogLagDbp": -0.018253055017711906, "logLagDbp": 0.008285829346887152, "meanLogLagSbp": -0.0033619632416498346, "logLagSbp": -0.001339697287602415, "age": -0.00034617746965194237, "gender": -0.0013597387885774526, "meanLagAnyPhysicalActivity": 0.9640147355977117}, "coefficient_standard_errors": {"Intercept": 0.019139587502729236, "smokingStatus[T.1]": 0.0010917739008847616, "smokingStatus[T.2]": 0.001495618902932615, "raceEthnicity[T.3]": 0.0014174035152243881, "raceEthnicity[T.4]": 0.00162551300042111, "raceEthnicity[T.5]": 0.0033519836954037253, "meanLagA1c": 0.0007602492117310397, "lagA1c": 0.0006190993468138513, "meanLagHdl": 0.0004977227309068794, "lagHdl": 0.0002845219874866861, "meanLagTotChol": 0.000489183372647077, "lagTotChol": 0.0002716579904251204, "meanLagBmi": 0.00037335414270315095, "lagBmi": 0.0003065418800914677, "meanLagLdl": 0.000490521043382519, "lagLdl": 0.000271333147276522, "meanLagTrig": 9.469877209897383e-05, "lagTrig": 5.150434957711401e-05, "meanLagWaist": 0.00012214887850268188, "lagWaist": 9.217808426745668e-05, "meanLagAntiHypertensiveCount": 0.0011177590897291593, "lagAntiHypertensiveCount": 0.000874673974246293, "meanLagStatin": 0.002731000566177066, "lagStatin": 0.002048940492519927, "meanLagAfib": 0.00502138107561332, "lagAfib": 0.004014357417839044, "meanLagAlcoholPerWeek": 1.1817467290680164e-05, "lagAlcoholPerWeek": 9.356897593817776e-06, "meanLogLagDbp": 0.00433040343820065, "logLagDbp": 0.004066744808182722, "meanLogLagSbp": 0.007267422062038395, "logLagSbp": 0.0060101772459995, "age": 4.26476060808472e-05, "gender": 0.001017588796822806, "meanLagAnyPhysicalActivity": 0.0013615499820063264}, "residual_mean": 1.2676545542285107e-14, "residual_standard_deviation": 0.20882988416985998}