{"coefficients": {"Intercept": 1.3476257512348297, "smokingStatus[T.1]": 0.0553359557444133, "smokingStatus[T.2]": -0.21667815137881807, "raceEthnicity[T.3]": 0.18247779064409375, "raceEthnicity[T.4]": 0.19209669003525853, "raceEthnicity[T.5]": -0.06744891257709718, "meanLagA1c": -0.05049581731330932, "lagA1c": 0.009919780672247074, "meanLagHdl": 0.011810963044680628, "lagHdl": -0.02254047164949265, "meanLagTotChol": -0.013639818267069725, "lagTotChol": 0.020757052814692915, "meanLagLdl": 0.011591064438583099, "lagLdl": -0.0192885714729761, "meanLagTrig": 0.001198519962730864, "lagTrig": -0.0029561871181957517, "meanLagWaist": -0.080072589921801, "lagWaist": 0.04806914976859397, "meanLagAnyPhysicalActivity": 0.0482615076666999, "lagAnyPhysicalActivity": 0.004683386596825989, "meanLagAntiHypertensiveCount": -0.2604305484590834, "lagAntiHypertensiveCount": 0.1563142766409248, "meanLagStatin": -0.27805543568447133, "lagStatin": 0.20760572177203418, "meanLagAfib": 0.14175292859964528, "lagAfib": -0.2673996637254339, "meanLagAlcoholPerWeek": 0.0011140623842353864, "lagAlcoholPerWeek": -0.0002696677816700019, "meanLogLagDbp": 0.9678346705026364, "logLagDbp": 0.14374063412713944, "meanLogLagSbp": -0.9829888821566755, "logLagSbp": -0.15593383505712488, "age": 0.015499414107344053, "gender": -0.09005096257067402, "meanLagBmi": 1.080732560085115}, "coefficient_standard_errors": {"Intercept": 0.1932582075360861, "smokingStatus[T.1]": 0.011023870963018245, "smokingStatus[T.2]": 0.015099729286899613, "raceEthnicity[T.3]": 0.014311796539509451, "raceEthnicity[T.4]": 0.016412904463257973, "raceEthnicity[T.5]": 0.033846202191518265, "meanLagA1c": 0.007672822928692031, "lagA1c": 0.006247194007482953, "meanLagHdl": 0.005022929294983633, "lagHdl": 0.002867850554425501, "meanLagTotChol": 0.004938239294652191, "lagTotChol": 0.002740798903438442, "meanLagLdl": 0.004952075862783078, "lagLdl": 0.0027380985075021, "meanLagTrig": 0.0009561410420111028, "lagTrig": 0.0005199294271355639, "meanLagWaist": 0.0010608547914429255, "lagWaist": 0.0007053459779807618, "meanLagAnyPhysicalActivity": 0.02726143931921006, "lagAnyPhysicalActivity": 0.023551817839191188, "meanLagAntiHypertensiveCount": 0.0112789393919242, "lagAntiHypertensiveCount": 0.00882475033552327, "meanLagStatin": 0.027561530839641562, "lagStatin": 0.020672578053779422, "meanLagAfib": 0.050706231644471064, "lagAfib": 0.04053411839235147, "meanLagAlcoholPerWeek": 0.00011931447738203745, "lagAlcoholPerWeek": 9.44789470796004e-05, "meanLogLagDbp": 0.04370290098298357, "logLagDbp": 0.0410584248315832, "meanLogLagSbp": 0.07328861279032552, "logLagSbp": 0.06062502343904103, "age": 0.00042990618598035766, "gender": 0.010274716841468764, "meanLagBmi": 0.0020804169668429615}, "residual_mean": 2.327630073084132e-13, "residual_standard_deviation": 2.1086323820253914}