{"coefficients": {"Intercept": 1.32277585018835, "smokingStatus[T.1]": 0.06078472395969614, "smokingStatus[T.2]": -0.21726152059963266, "raceEthnicity[T.3]": 0.2150285964820835, "raceEthnicity[T.4]": 0.2252352395325028, "raceEthnicity[T.5]": -0.0374516297559504, "meanLagA1c": -0.05885098415337278, "lagA1c": 0.01827143946089138, "meanLagHdl": 0.015104686957593955, "lagHdl": -0.025014834793814233, "meanLagTotChol": -0.017873663817064026, "lagTotChol": 0.023792319292042743, "meanLagLdl": 0.015734814088796192, "lagLdl": -0.0221541861993726, "meanLagTrig": 0.0019113482652995187, "lagTrig": -0.0034262718255449447, "meanLagWaist": -0.08047689827495297, "lagWaist": 0.04805822821923654, "meanLagAnyPhysicalActivity": 0.0855718302668027, "lagAnyPhysicalActivity": -0.03306016283282556, "meanLagAntiHypertensiveCount": -0.24280857903396047, "lagAntiHypertensiveCount": 0.14547728327827314, "meanLagStatin": -0.2566421903128955, "lagStatin": 0.19301956865346917, "meanLagAfib": 0.19783302988610818, "lagAfib": -0.31422213903864826, "meanLagAlcoholPerWeek": 0.0010825022985927147, "lagAlcoholPerWeek": -0.00027912660747502995, "meanLagCreatinine": -0.1152827077747014, "lagCreatinine": -0.015945386990905364, "meanLogLagDbp": 1.0807876591656687, "logLagDbp": 0.09626871749069288, "meanLogLagSbp": -1.1436770866545105, "logLagSbp": -0.022649081793036707, "age": 0.015803734457461444, "gender": -0.10788199127934384, "meanLagBmi": 1.0816061531635073}, "coefficient_standard_errors": {"Intercept": 0.19085097060767242, "smokingStatus[T.1]": 0.010865555908929708, "smokingStatus[T.2]": 0.014882651170260504, "raceEthnicity[T.3]": 0.014190772779906427, "raceEthnicity[T.4]": 0.016324821796166147, "raceEthnicity[T.5]": 0.03335695843914461, "meanLagA1c": 0.0075516092205657115, "lagA1c": 0.006168911183361252, "meanLagHdl": 0.004989847575103766, "lagHdl": 0.0027805983855851975, "meanLagTotChol": 0.0049089627617573935, "lagTotChol": 0.0026524964699204782, "meanLagLdl": 0.004921639013186052, "lagLdl": 0.0026497283864302095, "meanLagTrig": 0.0009516946739333892, "lagTrig": 0.0005031551736625138, "meanLagWaist": 0.0010474878705488291, "lagWaist": 0.000697061478207323, "meanLagAnyPhysicalActivity": 0.02630443995463604, "lagAnyPhysicalActivity": 0.02248016857076205, "meanLagAntiHypertensiveCount": 0.011159144432787944, "lagAntiHypertensiveCount": 0.008700077675094018, "meanLagStatin": 0.027204050478667665, "lagStatin": 0.020410665827449256, "meanLagAfib": 0.04997536010320175, "lagAfib": 0.03994119573175474, "meanLagAlcoholPerWeek": 0.00011768152827858292, "lagAlcoholPerWeek": 9.327642826178581e-05, "meanLagCreatinine": 0.02382924520055278, "lagCreatinine": 0.019012288594949602, "meanLogLagDbp": 0.0458834376894147, "logLagDbp": 0.04177064079249312, "meanLogLagSbp": 0.07326221007654923, "logLagSbp": 0.06034565014347749, "age": 0.0004253846549896276, "gender": 0.010405133118522454, "meanLagBmi": 0.002057073933841275}, "residual_mean": 4.1222464935154204e-13, "residual_standard_deviation": 2.078536665419889}