{"coefficients": {"Intercept": 0.1613799860189431, "smokingStatus[T.1]": 0.0013551919054855255, "smokingStatus[T.2]": -0.00069757538201589, "raceEthnicity[T.3]": -0.018218347379054062, "raceEthnicity[T.4]": 0.001806286434448079, "raceEthnicity[T.5]": 0.007973721980649412, "meanLagA1c": 0.004887225525693381, "lagA1c": 0.00020821504871919186, "meanLagHdl": -0.001008053311806438, "lagHdl": 0.0001717035994892132, "meanLagTotChol": 0.0008737140158711671, "lagTotChol": -0.00018613804689961432, "meanLagBmi": 0.0008487342355328435, "lagBmi": -0.00043760399737981833, "meanLagLdl": -0.0011736729071099576, "lagLdl": 0.00033887938667040885, "meanLagTrig": -0.00015536712678053925, "lagTrig": 3.564188115659231e-05, "meanLagWaist": 0.0006244346174765561, "lagWaist": -0.0008388252465851683, "meanLagAnyPhysicalActivity": 0.01914201887186684, "lagAnyPhysicalActivity": -0.005850088392490786, "meanLagAntiHypertensiveCount": 0.0012961833704750944, "lagAntiHypertensiveCount": 0.008271902189796563, "meanLagStatin": 0.00608702321515886, "lagStatin": 0.0035995243518362604, "meanLagAfib": -0.03373279246555873, "lagAfib": 0.025722261010395073, "meanLagAlcoholPerWeek": -1.8503635934818892e-05, "lagAlcoholPerWeek": -7.905993866439593e-06, "meanLogLagDbp": -0.06500619040152689, "logLagDbp": -0.01919326502146468, "meanLogLagSbp": 0.0842773772108838, "logLagSbp": -0.03230252293054109, "age": -0.0009234983089279783, "gender": -0.003141881348014991, "meanLagCreatinine": 1.0069842261676114}, "coefficient_standard_errors": {"Intercept": 0.025213407953477505, "smokingStatus[T.1]": 0.001435460740798761, "smokingStatus[T.2]": 0.001966391842755904, "raceEthnicity[T.3]": 0.001874768093726052, "raceEthnicity[T.4]": 0.0021567173585399536, "raceEthnicity[T.5]": 0.0044067837123500245, "meanLagA1c": 0.000997765066714239, "lagA1c": 0.0008151082657937549, "meanLagHdl": 0.000659537891337112, "lagHdl": 0.00036796233171434143, "meanLagTotChol": 0.0006486611946722501, "lagTotChol": 0.0003506787618956134, "meanLagBmi": 0.0004966862547693059, "lagBmi": 0.0004094991961916577, "meanLagLdl": 0.0006502920475489325, "lagLdl": 0.00035023344947376445, "meanLagTrig": 0.000125735272430173, "lagTrig": 6.648536690954216e-05, "meanLagWaist": 0.0001612765353037153, "lagWaist": 0.0001220726329706776, "meanLagAnyPhysicalActivity": 0.003475037455201549, "lagAnyPhysicalActivity": 0.002969785592372537, "meanLagAntiHypertensiveCount": 0.00147493752962434, "lagAntiHypertensiveCount": 0.001149864385777359, "meanLagStatin": 0.003596045316805182, "lagStatin": 0.0026989135042007274, "meanLagAfib": 0.006604910908653431, "lagAfib": 0.005280616978796038, "meanLagAlcoholPerWeek": 1.5547940092316407e-05, "lagAlcoholPerWeek": 1.2322849956807347e-05, "meanLogLagDbp": 0.006064203037601006, "logLagDbp": 0.005519018305515292, "meanLogLagSbp": 0.009659655699854528, "logLagSbp": 0.007952732775636934, "age": 5.62194650075714e-05, "gender": 0.0013746330757089156, "meanLagCreatinine": 0.0018896986661763467}, "residual_mean": -3.1100577979501504e-14, "residual_standard_deviation": 0.27459522258512337}