{"coefficients": {"Intercept": 13.004416750177086, "smokingStatus[T.1]": 0.32013635149979347, "smokingStatus[T.2]": -0.22176495479603764, "raceEthnicity[T.3]": 0.02055719711852788, "raceEthnicity[T.4]": 0.3035905922771871, "raceEthnicity[T.5]": 0.4665522597967211, "meanLagA1c": -0.15410285299048898, "lagA1c": 0.09938874948088992, "meanLagTotChol": -0.027305643482645192, "lagTotChol": 0.0027527546216239984, "meanLagBmi": 0.23925341952170087, "lagBmi": -0.11535705556865779, "meanLagLdl": 0.02113225291081433, "lagLdl": 0.003429634351683933, "meanLagTrig": 0.006094978018464342, "lagTrig": 0.001219508262535482, "meanLagWaist": -0.0824408550862662, "lagWaist": 0.02264516765053704, "meanLagAnyPhysicalActivity": 0.5185082406839312, "lagAnyPhysicalActivity": -0.14308954771717186, "meanLagAntiHypertensiveCount": -0.20159252611711365, "lagAntiHypertensiveCount": 0.19865755927490542, "meanLagStatin": -0.34327111325110593, "lagStatin": 0.43807443599881585, "meanLagAfib": 0.18476967904922725, "lagAfib": -1.0730439080758665, "meanLagAlcoholPerWeek": -0.0005221023569027209, "lagAlcoholPerWeek": 0.0017137361877221334, "meanLagCreatinine": -0.37225058515157805, "lagCreatinine": 0.059682489236868946, "meanLogLagDbp": 2.135110195739415, "logLagDbp": -1.539950491877125, "meanLogLagSbp": -3.8472192037898783, "logLagSbp": 0.6504298368613934, "age": 0.043115733251060176, "gender": -0.1776196407039805, "meanLagHdl": 1.024767655961071}, "coefficient_standard_errors": {"Intercept": 0.7968390143512729, "smokingStatus[T.1]": 0.04536563752917336, "smokingStatus[T.2]": 0.06214544661200726, "raceEthnicity[T.3]": 0.05925026924228285, "raceEthnicity[T.4]": 0.06816118785114214, "raceEthnicity[T.5]": 0.1392711115915688, "meanLagA1c": 0.031543267737861744, "lagA1c": 0.025771757498568956, "meanLagTotChol": 0.01740547481273648, "lagTotChol": 0.002349949921144938, "meanLagBmi": 0.015679758386171826, "lagBmi": 0.01291981280570527, "meanLagLdl": 0.01746439538788466, "lagLdl": 0.0022705218016246, "meanLagTrig": 0.0034252025986103757, "lagTrig": 0.0005971036087278921, "meanLagWaist": 0.005100812736412835, "lagWaist": 0.0038597868966056, "meanLagAnyPhysicalActivity": 0.1098252045722452, "lagAnyPhysicalActivity": 0.09385914226956293, "meanLagAntiHypertensiveCount": 0.046623208311619306, "lagAntiHypertensiveCount": 0.036356552947714026, "meanLagStatin": 0.11354881816366914, "lagStatin": 0.08516700409263465, "meanLagAfib": 0.2087479827736974, "lagAfib": 0.16690424316395688, "meanLagAlcoholPerWeek": 0.0004913574629930912, "lagAlcoholPerWeek": 0.0003894161377533725, "meanLagCreatinine": 0.09949033013093372, "lagCreatinine": 0.07937845864146038, "meanLogLagDbp": 0.19163463705807962, "logLagDbp": 0.17437232670489766, "meanLogLagSbp": 0.3063071651059189, "logLagSbp": 0.2522541787666119, "age": 0.0017790169776869646, "gender": 0.04344445970604612, "meanLagHdl": 0.017298752024071166}, "residual_mean": -1.4436747662081913e-14, "residual_standard_deviation": 8.678250952356528}