{"coefficients": {"Intercept": 42.22518393183532, "smokingStatus[T.1]": -1.5861783451153215, "smokingStatus[T.2]": -0.36502435455435744, "raceEthnicity[T.3]": -2.3654325839665944, "raceEthnicity[T.4]": -2.522181980343923, "raceEthnicity[T.5]": -1.3806661688128798, "meanLagA1c": 0.5629528802873507, "lagA1c": -0.3137101666602052, "meanLagHdl": 0.20564706630760698, "lagHdl": 0.0014856534070988268, "meanLagTotChol": -0.3142859081192527, "lagTotChol": 0.013104783638543418, "meanLagBmi": -0.37122237588554885, "lagBmi": 0.0902174528837444, "meanLagTrig": 0.02756307758045211, "lagTrig": 0.0023403048969159205, "meanLagWaist": 0.24008282989825402, "lagWaist": -0.143174572796044, "meanLagAnyPhysicalActivity": -0.6250238009368765, "lagAnyPhysicalActivity": 0.46596398264717076, "meanLagAntiHypertensiveCount": 1.5998369574064846, "lagAntiHypertensiveCount": -1.2182563438834477, "meanLagStatin": 4.247272296257094, "lagStatin": -4.828964275816749, "meanLagAfib": 2.831323224288866, "lagAfib": -0.7299805363241081, "meanLagAlcoholPerWeek": -0.0068229957760112085, "lagAlcoholPerWeek": 0.0025092408933396603, "meanLagCreatinine": -1.8156842382221763, "lagCreatinine": 1.7199206826686768, "meanLogLagDbp": -15.572115010142895, "logLagDbp": 4.296163569808606, "meanLogLagSbp": 14.960763399051675, "logLagSbp": -8.175245477413863, "age": -0.19274162671764836, "gender": 0.9691439356441958, "meanLagLdl": 1.2224761065432683}, "coefficient_standard_errors": {"Intercept": 2.17941836967805, "smokingStatus[T.1]": 0.1240791907219921, "smokingStatus[T.2]": 0.16997232647586819, "raceEthnicity[T.3]": 0.16205420814299212, "raceEthnicity[T.4]": 0.18642628651773116, "raceEthnicity[T.5]": 0.380917349044136, "meanLagA1c": 0.08627211813712446, "lagA1c": 0.07048654273356895, "meanLagHdl": 0.047756565251746104, "lagHdl": 0.006524267995651988, "meanLagTotChol": 0.04723824353377258, "lagTotChol": 0.002552143806220285, "meanLagBmi": 0.042921260468807024, "lagBmi": 0.0353773606586959, "meanLagTrig": 0.00926295974118697, "lagTrig": 0.0008423112084708329, "meanLagWaist": 0.01395110570001475, "lagWaist": 0.01055722149588893, "meanLagAnyPhysicalActivity": 0.30038261839615604, "lagAnyPhysicalActivity": 0.2567144774976792, "meanLagAntiHypertensiveCount": 0.12752024304637646, "lagAntiHypertensiveCount": 0.09943999354530332, "meanLagStatin": 0.3106894449413548, "lagStatin": 0.2330971342382995, "meanLagAfib": 0.5709417699300989, "lagAfib": 0.45649545349306725, "meanLagAlcoholPerWeek": 0.0013439596361965152, "lagAlcoholPerWeek": 0.0010651717151359918, "meanLagCreatinine": 0.27211077549173146, "lagCreatinine": 0.21710160626347366, "meanLogLagDbp": 0.5241980240781157, "logLagDbp": 0.47699886784542744, "meanLogLagSbp": 0.8378030072086928, "logLagSbp": 0.6899789627261512, "age": 0.00486552263816993, "gender": 0.11882398920145915, "meanLagLdl": 0.04736064669945946}, "residual_mean": 3.7639825926609514e-13, "residual_standard_deviation": 23.735693404946872}