{"coefficients": {"Intercept": 40.58539160534349, "smokingStatus[T.1]": -1.5165883268294085, "smokingStatus[T.2]": -0.35706093909506276, "raceEthnicity[T.3]": -2.371031544996047, "raceEthnicity[T.4]": -2.5437017003623446, "raceEthnicity[T.5]": -1.3888347528236906, "meanLagA1c": 0.6386106882102367, "lagA1c": -0.39566666380771603, "meanLagHdl": 0.22758125503673465, "lagHdl": -0.005845189413643707, "meanLagTotChol": -0.3306713660860796, "lagTotChol": 0.016619762742647242, "meanLagBmi": -0.3568205036747383, "lagBmi": 0.05813989755646015, "meanLagTrig": 0.031077571992261688, "lagTrig": 0.0013584199802555161, "meanLagWaist": 0.22811801413220345, "lagWaist": -0.1230226110362016, "meanLagAnyPhysicalActivity": -0.3173184406211824, "lagAnyPhysicalActivity": 0.14722380981014643, "meanLagAntiHypertensiveCount": 1.539241006034393, "lagAntiHypertensiveCount": -1.1084420529915788, "meanLagStatin": 4.449012080270787, "lagStatin": -5.022102749147315, "meanLagAfib": 2.9304223102847597, "lagAfib": -0.8122045564700889, "meanLagAlcoholPerWeek": -0.00721884289853135, "lagAlcoholPerWeek": 0.002389964180301851, "meanLogLagDbp": -14.52815500336905, "logLagDbp": 4.054230405907269, "meanLogLagSbp": 14.655708135010315, "logLagSbp": -8.327415386213886, "age": -0.1946958694642331, "gender": 1.0478743246877702, "meanLagLdl": 1.2347792437203053}, "coefficient_standard_errors": {"Intercept": 2.170686105133293, "smokingStatus[T.1]": 0.1238210134284646, "smokingStatus[T.2]": 0.16962352064005734, "raceEthnicity[T.3]": 0.16075264959156166, "raceEthnicity[T.4]": 0.18435507070107784, "raceEthnicity[T.5]": 0.3801600383056722, "meanLagA1c": 0.08621456015140125, "lagA1c": 0.07020432504601484, "meanLagHdl": 0.04676880962198034, "lagHdl": 0.006515219946615723, "meanLagTotChol": 0.04620844528626349, "lagTotChol": 0.0025402690631138305, "meanLagBmi": 0.042329052184129995, "lagBmi": 0.034745385176286545, "meanLagTrig": 0.009052289231725708, "lagTrig": 0.0008470413404441458, "meanLagWaist": 0.013853010972209026, "lagWaist": 0.010454008940417172, "meanLagAnyPhysicalActivity": 0.30619941935609934, "lagAnyPhysicalActivity": 0.26453645616609356, "meanLagAntiHypertensiveCount": 0.12677423605778282, "lagAntiHypertensiveCount": 0.09920601930446012, "meanLagStatin": 0.309571868669889, "lagStatin": 0.23216685545073523, "meanLagAfib": 0.569620601071306, "lagAfib": 0.4554355996919354, "meanLagAlcoholPerWeek": 0.001340258962388348, "lagAlcoholPerWeek": 0.0010611973685000244, "meanLogLagDbp": 0.4911063109887318, "logLagDbp": 0.46116992261416884, "meanLogLagSbp": 0.8242882509923423, "logLagSbp": 0.6817397541259206, "age": 0.004836738567415579, "gender": 0.11540827514228225, "meanLagLdl": 0.04634457032004784}, "residual_mean": 4.653332435420474e-13, "residual_standard_deviation": 23.68411849085836}