{"coefficients": {"Intercept": 0.5022566257401024, "smokingStatus[T.1]": 0.011366455230616135, "smokingStatus[T.2]": 0.005840241485333381, "raceEthnicity[T.3]": -0.015606912256312166, "raceEthnicity[T.4]": -0.009277061985466628, "raceEthnicity[T.5]": -0.0044484511036804175, "meanLagA1c": 0.0016813498134963904, "lagA1c": -0.002232176162465335, "meanLagHdl": 0.00030759570233925004, "lagHdl": 0.0002886475952291937, "meanLagTotChol": -0.000186371785045214, "lagTotChol": -6.600013657573616e-05, "meanLagBmi": -0.0032446273667465775, "lagBmi": -0.0013459935024526118, "meanLagLdl": 4.958303993444005e-05, "lagLdl": 0.0003737094485856073, "meanLagTrig": 2.9925233654450045e-07, "lagTrig": 4.732987420093607e-05, "meanLagWaist": 0.002952477581867105, "lagWaist": -0.0008691514309307237, "meanLagAnyPhysicalActivity": -0.014067225064454125, "lagAnyPhysicalActivity": -0.0012677722819616172, "meanLagAntiHypertensiveCount": 0.01593964306675469, "lagAntiHypertensiveCount": -0.015284579471167885, "meanLagStatin": 0.0008571182542352895, "lagStatin": 0.0007085832541559121, "meanLagAfib": 0.02081037240036293, "lagAfib": 0.0025944922182652257, "meanLagAlcoholPerWeek": -9.56287760575992e-05, "lagAlcoholPerWeek": 2.0595654232737777e-05, "meanLagCreatinine": -0.017387843031554134, "lagCreatinine": 0.029758063677368832, "meanLogLagSbp": 0.2743142613023014, "logLagSbp": -0.016384477280548298, "age": -0.003866419702112097, "gender": 0.0053583641651021585, "meanLogLagDbp": 0.6241946035390131}, "coefficient_standard_errors": {"Intercept": 0.012198206946424884, "smokingStatus[T.1]": 0.000694432253024625, "smokingStatus[T.2]": 0.000952465175793151, "raceEthnicity[T.3]": 0.0009080953682817167, "raceEthnicity[T.4]": 0.001044646272892658, "raceEthnicity[T.5]": 0.002134529056871617, "meanLagA1c": 0.0004834478578973508, "lagA1c": 0.0003949486507915206, "meanLagHdl": 0.00031942634629021323, "lagHdl": 0.0001781812135703184, "meanLagTotChol": 0.00031416645666009884, "lagTotChol": 0.00016981344216291947, "meanLagBmi": 0.0002405705227959938, "lagBmi": 0.00019832316411595328, "meanLagLdl": 0.00031496977840009044, "lagLdl": 0.00016962723482298256, "meanLagTrig": 6.090168557642744e-05, "lagTrig": 3.2201896163011426e-05, "meanLagWaist": 7.806325794954767e-05, "lagWaist": 5.9151823366763214e-05, "meanLagAnyPhysicalActivity": 0.0016830750363958987, "lagAnyPhysicalActivity": 0.0014384742310092433, "meanLagAntiHypertensiveCount": 0.0007134861333900695, "lagAntiHypertensiveCount": 0.0005552329552275701, "meanLagStatin": 0.0017418615611733647, "lagStatin": 0.0013073590346574147, "meanLagAfib": 0.003199335210413803, "lagAfib": 0.0025576477305285293, "meanLagAlcoholPerWeek": 7.530892657859644e-06, "lagAlcoholPerWeek": 5.9688585933960385e-06, "meanLagCreatinine": 0.0015247301074920254, "lagCreatinine": 0.0012165934779042812, "meanLogLagSbp": 0.0044525152720040154, "logLagSbp": 0.003275418167690062, "age": 2.65221893338039e-05, "gender": 0.0006658094105060633, "meanLogLagDbp": 0.002188077253006175}, "residual_mean": 3.0418525391202973e-15, "residual_standard_deviation": 0.13300709525934987}