{"coefficients": {"Intercept": 0.08730570832300799, "smokingStatus[T.1]": 0.002255782306734011, "smokingStatus[T.2]": 0.002600394509829962, "raceEthnicity[T.3]": -0.003154219431108274, "raceEthnicity[T.4]": -0.0014995447980830079, "raceEthnicity[T.5]": 0.003536510061440956, "meanLagA1c": 0.00037613966260240106, "lagA1c": 0.00030845159270345007, "meanLagHdl": 0.0002847533459704732, "lagHdl": 0.0002767886392498571, "meanLagTotChol": -0.000308834680110082, "lagTotChol": -0.0001460260265317339, "meanLagBmi": -0.0007570460363871823, "lagBmi": -0.0005328664234399653, "meanLagLdl": 0.00033163230527543525, "lagLdl": 0.00023241668978029413, "meanLagTrig": 5.349094449486058e-05, "lagTrig": 3.5344263179350524e-05, "meanLagWaist": 0.0006789330302271815, "lagWaist": -0.00015486488519431715, "meanLagAnyPhysicalActivity": -0.002232783027537266, "lagAnyPhysicalActivity": -0.000680413166124869, "meanLagAntiHypertensiveCount": 0.006031201805193009, "lagAntiHypertensiveCount": -0.0071732503503764145, "meanLagStatin": -0.0005809040086423023, "lagStatin": 0.0023915151052584967, "meanLagAfib": 0.008428668912579457, "lagAfib": -0.009593110472757682, "meanLagAlcoholPerWeek": -4.117114050164916e-05, "lagAlcoholPerWeek": 1.250893087367979e-05, "meanLagCreatinine": -0.0063728477968738595, "lagCreatinine": 0.009156916169478849, "meanLogLagDbp": -0.0011882326526713172, "logLagDbp": 0.00022607531820018067, "age": -0.0004103074529912924, "gender": 0.004843342995717426, "meanLogLagSbp": 0.9795073258514015}, "coefficient_standard_errors": {"Intercept": 0.008537912460306756, "smokingStatus[T.1]": 0.0004862089823751067, "smokingStatus[T.2]": 0.0006660947362666077, "raceEthnicity[T.3]": 0.000635067311604166, "raceEthnicity[T.4]": 0.0007305625910489044, "raceEthnicity[T.5]": 0.001492761497437516, "meanLagA1c": 0.0003381009166306631, "lagA1c": 0.0002762323774407561, "meanLagHdl": 0.00022340744159244806, "lagHdl": 0.00012463669328050865, "meanLagTotChol": 0.00021972862193653185, "lagTotChol": 0.00011878975773485472, "meanLagBmi": 0.00016817524158626893, "lagBmi": 0.00013853881688794223, "meanLagLdl": 0.00022028206842172307, "lagLdl": 0.00011864167856928903, "meanLagTrig": 4.259188505369445e-05, "lagTrig": 2.2521532818748446e-05, "meanLagWaist": 5.465604232142385e-05, "lagWaist": 4.1370226743693576e-05, "meanLagAnyPhysicalActivity": 0.001177148910929469, "lagAnyPhysicalActivity": 0.001005857175512318, "meanLagAntiHypertensiveCount": 0.000499397978070812, "lagAntiHypertensiveCount": 0.0003894025497812291, "meanLagStatin": 0.00121814983618043, "lagStatin": 0.0009142460188853523, "meanLagAfib": 0.0022373257346342333, "lagAfib": 0.001788679767298855, "meanLagAlcoholPerWeek": 5.266410896083247e-06, "lagAlcoholPerWeek": 4.173751012947154e-06, "meanLagCreatinine": 0.0010641230108379511, "lagCreatinine": 0.0008476630216827896, "meanLogLagDbp": 0.0019151873449687312, "logLagDbp": 0.0015837621238953463, "age": 1.8971386778621682e-05, "gender": 0.00046565385465270766, "meanLogLagSbp": 0.0021168589038416583}, "residual_mean": 1.3447139068921418e-14, "residual_standard_deviation": 0.09301695219812307}