{"coefficients": {"Intercept": 0.08305193317934823, "smokingStatus[T.1]": 0.0025917154932551534, "smokingStatus[T.2]": 0.0029113529531427373, "raceEthnicity[T.3]": -0.002953023364163143, "raceEthnicity[T.4]": -0.0014839114736062697, "raceEthnicity[T.5]": 0.0032973188192733094, "meanLagA1c": 0.0011446185125037703, "lagA1c": -0.0005078349393517981, "meanLagHdl": 0.0004922744164735128, "lagHdl": 1.5991223877807274e-05, "meanLagTotChol": -0.0005401804909677035, "lagTotChol": 0.00013082472049558407, "meanLagBmi": -0.000661901076912455, "lagBmi": -0.000615577504259719, "meanLagLdl": 0.0005761038190556199, "lagLdl": -5.3950225722789943e-05, "meanLagTrig": 0.0001032477955486711, "lagTrig": -2.418279618509689e-05, "meanLagWaist": 0.0006728466650434001, "lagWaist": -0.00016251430877846384, "meanLagAnyPhysicalActivity": -0.0031937461612931983, "lagAnyPhysicalActivity": 0.00022963964516864313, "meanLagAntiHypertensiveCount": 0.005650993325660603, "lagAntiHypertensiveCount": -0.006645775362053033, "meanLagStatin": -0.0003732256518810262, "lagStatin": 0.002085836436250519, "meanLagAfib": 0.00826789258213026, "lagAfib": -0.009206889691495568, "meanLagAlcoholPerWeek": -4.041851866008815e-05, "lagAlcoholPerWeek": 1.1332592348130926e-05, "meanLogLagDbp": -0.0012169635962653302, "logLagDbp": -4.121636621423619e-05, "age": -0.0004049819682519166, "gender": 0.00454852431423175, "meanLogLagSbp": 0.9814529678466963}, "coefficient_standard_errors": {"Intercept": 0.008534628160685747, "smokingStatus[T.1]": 0.00048705855163473383, "smokingStatus[T.2]": 0.000667266074975059, "raceEthnicity[T.3]": 0.0006323714207295601, "raceEthnicity[T.4]": 0.0007251873597355249, "raceEthnicity[T.5]": 0.0014954797479685713, "meanLagA1c": 0.0003391844424115549, "lagA1c": 0.00027619883812030825, "meanLagHdl": 0.00022205242952005755, "lagHdl": 0.00012693096297778248, "meanLagTotChol": 0.0002182473692401881, "lagTotChol": 0.00012119873779184955, "meanLagBmi": 0.00016650705555215954, "lagBmi": 0.00013660306743663728, "meanLagLdl": 0.0002188438207043627, "lagLdl": 0.00012105398474996876, "meanLagTrig": 4.2249661658815704e-05, "lagTrig": 2.2978596796345916e-05, "meanLagWaist": 5.446923757031858e-05, "lagWaist": 4.1118852885512454e-05, "meanLagAnyPhysicalActivity": 0.0012045251447605188, "lagAnyPhysicalActivity": 0.001040472075448569, "meanLagAntiHypertensiveCount": 0.0004981714194576192, "lagAntiHypertensiveCount": 0.00038981989630235207, "meanLagStatin": 0.0012184300837537409, "lagStatin": 0.0009140732257514571, "meanLagAfib": 0.0022406583374051407, "lagAfib": 0.001791268514431697, "meanLagAlcoholPerWeek": 5.271896461147333e-06, "lagAlcoholPerWeek": 4.174092168902049e-06, "meanLogLagDbp": 0.0018117444688875305, "logLagDbp": 0.0015408127302628523, "age": 1.89163807550789e-05, "gender": 0.0004539949063998332, "meanLogLagSbp": 0.002109400277435474}, "residual_mean": -1.7107999218434625e-14, "residual_standard_deviation": 0.09316899376140068}