{"coefficients": {"age": 0.02469181939366808, "squareAge": 0.0007866524092470582, "a1c": 0.24848110567512055, "bmi": -0.022044219519100162, "gender": -0.3717272460157533, "hdl": -0.00667787904730947, "ldl": 0.0013813342731236549, "mi": 0.8174488484691276, "stroke": 0.9957679277711453, "totChol": 0.0005284683309015729, "trig": -0.00028514260949849015, "meanSBP": 0.023153070113427633, "meanDBP": -0.006150863444506023, "raceEthnicity[T.2]": -0.3251344769749765, "raceEthnicity[T.3]": 0.22428854752579688, "raceEthnicity[T.4]": 0.32244899404391364, "raceEthnicity[T.5]": -0.4235991072673559, "smokingStatus[T.1]": 0.6573984105636147, "smokingStatus[T.2]": 1.6157450101847175, "Intercept": -16.615567572797502}, "coefficient_standard_errors": {"age": 0.008455315795417735, "squareAge": 6.938110761234765e-05, "a1c": 0.017677456624547914, "bmi": 0.003606047938004446, "gender": 0.044897665760395215, "hdl": 0.001937254994297307, "ldl": 0.0018014472017278775, "mi": 0.07154224395452868, "stroke": 0.07833801834127466, "totChol": 0.001696026755595858, "trig": 0.00020981717258555815, "meanSBP": 0.0011011920668633913, "meanDBP": 0.0019064255764432065, "raceEthnicity[T.2]": 0.10902233061949516, "raceEthnicity[T.3]": 0.05621718565845848, "raceEthnicity[T.4]": 0.06626495470710882, "raceEthnicity[T.5]": 0.12866760685595482, "smokingStatus[T.1]": 0.04919685425899995, "smokingStatus[T.2]": 0.0571852304880909, "Intercept": 0.32874215208147095}, "residual_mean": 0, "residual_standard_deviation": 5.431208701427863}