{"coefficients": {"Intercept": -8.139482003729967, "raceEthnicity[T.2]": -0.28624726613419843, "raceEthnicity[T.3]": 0.08494102920243225, "raceEthnicity[T.4]": 0.14192215545324638, "raceEthnicity[T.5]": -0.25871549254433457, "smokingStatus[T.1]": 0.2779998096422532, "smokingStatus[T.2]": 0.9157348787976075, "age": 0.03961553933186139, "squareAge": 0.0002643453181544624, "a1c": 0.14698401037674425, "bmi": -0.012996748021874225, "gender": -0.2860531102237226, "hdl": -0.005577883767459247, "ldl": -0.002019210657264125, "mi": 0.5660562759035446, "stroke": 0.3210729955939669, "totChol": 0.003110916972025477, "trig": -0.00017887713134773307, "meanSbp": 0.009983247511564852, "meanDbp": -0.003999195017998322}, "coefficient_standard_errors": {"Intercept": 0.1760581252557699, "raceEthnicity[T.2]": 0.05976322787477602, "raceEthnicity[T.3]": 0.02906812530311561, "raceEthnicity[T.4]": 0.03535315730533792, "raceEthnicity[T.5]": 0.0704731245124828, "smokingStatus[T.1]": 0.024403017615065258, "smokingStatus[T.2]": 0.029697123462667875, "age": 0.004969482195020251, "squareAge": 3.91214772901781e-05, "a1c": 0.008542823071022302, "bmi": 0.0019931734365773875, "gender": 0.023287941452248367, "hdl": 0.0009898052957464471, "ldl": 0.0009320386233198667, "mi": 0.03252303174439142, "stroke": 0.03666513866287877, "totChol": 0.0008807491662180823, "trig": 9.510730573828953e-05, "meanSbp": 0.0005214825108155424, "meanDbp": 0.0009550907212592009}, "residual_mean": 0, "residual_standard_deviation": 0}