{"coefficients": {"raceEthnicity[T.2]": -0.050137768673734734, "raceEthnicity[T.3]": 0.13137577704845205, "raceEthnicity[T.4]": 0.27563965437683186, "raceEthnicity[T.5]": -0.0778126791306016, "smokingStatus[T.1]": 0.312411059606983, "smokingStatus[T.2]": 0.9598791813184463, "baseAge": 0.024195088597666482, "squareBaseAge": 0.0004839297134821877, "a1c": 0.1413513753252363, "bmi": -0.007933178357050163, "gender": -0.29826229511945634, "hdl": -0.0018381996227386343, "ldl": -0.0016627840390484115, "mi": 0.50456341398333, "stroke": 0.38316386724672735, "totChol": 0.001393055018516131, "trig": 3.851862073646638e-05, "meanSbp": 0.0031220772226683716, "meanDbp": -0.001066948607128447}, "coefficient_standard_errors": {"raceEthnicity[T.2]": 0.12390028794509063, "raceEthnicity[T.3]": 0.06296762605714937, "raceEthnicity[T.4]": 0.07472481895381716, "raceEthnicity[T.5]": 0.14814686301347801, "smokingStatus[T.1]": 0.0495311149626134, "smokingStatus[T.2]": 0.06140520939633036, "baseAge": 0.010496812257438079, "squareBaseAge": 8.614621641343785e-05, "a1c": 0.016817152510214414, "bmi": 0.004185773822000482, "gender": 0.04780457882918613, "hdl": 0.002000044120131131, "ldl": 0.0019119542959547757, "mi": 0.05956925471785761, "stroke": 0.06575623044346608, "totChol": 0.0018090334516987156, "trig": 0.00018446348791708133, "meanSbp": 0.0010449307261292784, "meanDbp": 0.001936541642385001}, "residual_mean": 6.814175174627894e-05, "residual_standard_deviation": 7.812694290009452e-06}