{"coefficients": {"raceEthnicity[T.2]": -0.033699237687559856, "raceEthnicity[T.3]": 0.13402940712410316, "raceEthnicity[T.4]": 0.2725557980135584, "raceEthnicity[T.5]": -0.0813964375318266, "smokingStatus[T.1]": 0.3165995033666113, "smokingStatus[T.2]": 0.9497975740253287, "baseAge": 0.034292164464049424, "squareBaseAge": 0.0003870294810401243, "a1c": 0.13579024071377532, "bmi": -0.013746879188100716, "gender": -0.26979470957546575, "hdl": -0.00018938685703287896, "ldl": 0.0013696730538558083, "mi": 0.48840792936755983, "stroke": 0.37836432745333876, "totChol": -0.0028405549831447227, "trig": 0.00016256424346984134, "meanSbp": 0.003819165027241774, "meanDbp": -0.004069360487623105}, "coefficient_standard_errors": {"raceEthnicity[T.2]": 0.12401528859176912, "raceEthnicity[T.3]": 0.06308367572466478, "raceEthnicity[T.4]": 0.07436876731969634, "raceEthnicity[T.5]": 0.1481932284872905, "smokingStatus[T.1]": 0.04946197910308058, "smokingStatus[T.2]": 0.06138339842180538, "baseAge": 0.01097494740904233, "squareBaseAge": 8.932438225850439e-05, "a1c": 0.01694307424190127, "bmi": 0.004138594469341516, "gender": 0.04781150585737648, "hdl": 0.0020088864814314113, "ldl": 0.0019263427431713532, "mi": 0.05941604919685559, "stroke": 0.06577233961302999, "totChol": 0.001819868454825581, "trig": 0.00020203860099460435, "meanSbp": 0.0009732545401095721, "meanDbp": 0.0013073756784360987}, "residual_mean": 0.00010336427108733806, "residual_standard_deviation": 1.2067738470730553e-05}