{"coefficients": {"Intercept": -8.158911666233323, "age": 0.037096658851210905, "squareAge": 0.0002751368887499053, "a1c": 0.145340815048892, "bmi": -0.012982290069549759, "gender": -0.25883657863520576, "hdl": -0.005047018277340738, "ldl": -0.0014967409137459213, "mi": 0.5645977982143996, "stroke": 0.32849916973415005, "totChol": 0.0026756245403271903, "trig": -0.0001841593801240751, "meanSbp": 0.01010033207991209, "meanDbp": -0.003896874739911156, "raceEthnicity": 0.031175229956968992, "smokingStatus": 0.43708536381677865}, "coefficient_standard_errors": {"Intercept": 0.17390226853279353, "age": 0.0049387238168945875, "squareAge": 3.8851507431680304e-05, "a1c": 0.008365931676481928, "bmi": 0.0019671319874800058, "gender": 0.02294533880831448, "hdl": 0.0009811351398938079, "ldl": 0.0009260663801544068, "mi": 0.03246175374173359, "stroke": 0.036667137828390386, "totChol": 0.0008752461204969708, "trig": 9.534780810535194e-05, "meanSbp": 0.0005171519176687161, "meanDbp": 0.0009543529515195644, "raceEthnicity": 0.010345810368491382, "smokingStatus": 0.01470549404327732}, "residual_mean": 0, "residual_standard_deviation": 0}