{"coefficients": {"Intercept": 0.23584550427962464, "smokingStatus[T.1]": 0.0036855921375728157, "smokingStatus[T.2]": 0.0011321543515846835, "raceEthnicity[T.3]": 0.008357447642112206, "raceEthnicity[T.4]": 0.010203991356395242, "raceEthnicity[T.5]": 0.022268251859447037, "meanLagA1c": -0.008074140182186091, "lagA1c": 0.007103397817509075, "meanLagHdl": -0.003954377314437533, "lagHdl": 0.004006340485706108, "meanLagTotChol": 0.003386599668432809, "lagTotChol": -0.0036698709867097725, "meanLagBmi": 0.00045811448873016585, "lagBmi": 0.004317048556078699, "meanLagLdl": -0.0018289774275222666, "lagLdl": 0.0022915090223841446, "meanLagTrig": -0.0002494466955962674, "lagTrig": 0.00035746116806799295, "meanLagWaist": -0.003654319606629211, "lagWaist": 0.001747692092344431, "meanLagAnyPhysicalActivity": 0.01641341428984562, "lagAnyPhysicalActivity": 0.0020101247273756964, "meanLagAntiHypertensiveCount": -0.049901273662791915, "lagAntiHypertensiveCount": 0.054734376302839886, "meanLagAfib": -0.07055891795225822, "lagAfib": 0.03740800356560538, "meanLagAlcoholPerWeek": 5.232273915899527e-05, "lagAlcoholPerWeek": -7.042719728102045e-06, "meanLagCreatinine": -0.010378527701321102, "lagCreatinine": 0.0029716938030833885, "meanLogLagDbp": 0.1002015945564233, "logLagDbp": -0.05142005483014628, "meanLogLagSbp": -0.14448600389169372, "logLagSbp": 0.04178458937340548, "age": 0.0017022316663291078, "gender": -0.010862031955286743, "meanLagStatin": 1.0120481594323854}, "coefficient_standard_errors": {"Intercept": 0.022115697510861433, "smokingStatus[T.1]": 0.0012590363556979826, "smokingStatus[T.2]": 0.0017248016716645503, "raceEthnicity[T.3]": 0.0016444276244718234, "raceEthnicity[T.4]": 0.0018917380968146923, "raceEthnicity[T.5]": 0.003865368899328586, "meanLagA1c": 0.0008749952904008345, "lagA1c": 0.0007147452018188108, "meanLagHdl": 0.0005782179552188489, "lagHdl": 0.0003222538813732529, "meanLagTotChol": 0.0005686526739720567, "lagTotChol": 0.00030701355096423146, "meanLagBmi": 0.00043553111316744884, "lagBmi": 0.0003588408805994159, "meanLagLdl": 0.0005702555036870788, "lagLdl": 0.00030694290913453885, "meanLagTrig": 0.00011027351191668816, "lagTrig": 5.829103288514892e-05, "meanLagWaist": 0.00014145694258167602, "lagWaist": 0.0001070623905308708, "meanLagAnyPhysicalActivity": 0.0030481502575767836, "lagAnyPhysicalActivity": 0.002605030536082062, "meanLagAntiHypertensiveCount": 0.0012832934088123932, "lagAntiHypertensiveCount": 0.0009958324447710296, "meanLagAfib": 0.005793456279054363, "lagAfib": 0.004632199330435609, "meanLagAlcoholPerWeek": 1.3637879282326626e-05, "lagAlcoholPerWeek": 1.0808736906727437e-05, "meanLagCreatinine": 0.0027611644435972848, "lagCreatinine": 0.0022030028154928372, "meanLogLagDbp": 0.00531898950862926, "logLagDbp": 0.004841024816382867, "meanLogLagSbp": 0.00850024775558056, "logLagSbp": 0.007001358491344047, "age": 4.932083846055914e-05, "gender": 0.001205745383701213, "meanLagStatin": 0.0020895511526785398}, "residual_mean": 1.2815195543842718e-14, "residual_standard_deviation": 0.2408585818313712}