{"coefficients": {"Intercept": -2.3109730587083006, "smokingStatus[T.1]": -0.2665264213197293, "smokingStatus[T.2]": -0.0781484919486316, "raceEthnicity[T.3]": -1.074161015122984, "raceEthnicity[T.4]": -0.05189530994688318, "raceEthnicity[T.5]": -0.11729684914452752, "age": 0.03349856390915816, "lagSbp": 0.00526279383252913, "lagDbp": -0.006457007771335402, "lagBmi": -0.0032868970052312273, "lagTrig": -0.0003493889768187516, "gender": 0.21015115305693174, "lagA1c": 0.021751552598032943}, "coefficient_standard_errors": {"Intercept": 0.6695312652589652, "smokingStatus[T.1]": 0.14270742888048474, "smokingStatus[T.2]": 0.22878722417118041, "raceEthnicity[T.3]": 0.16193716478570597, "raceEthnicity[T.4]": 0.17905419279940457, "raceEthnicity[T.5]": 0.6132619669801457, "age": 0.005469097532330976, "lagSbp": 0.0033914486549853984, "lagDbp": 0.004952846464152876, "lagBmi": 0.00957762149537179, "lagTrig": 0.00034865808819705855, "gender": 0.11260429723476048, "lagA1c": 0.029053652284764732}, "residual_mean": 0, "residual_standard_deviation": 0}