{"coefficients": {"Intercept": 48.414462169887884, "smokingStatus[T.1]": -0.8786556597578503, "smokingStatus[T.2]": -0.060446811970966685, "raceEthnicity[T.3]": -1.9510416027723494, "raceEthnicity[T.4]": -1.9945322025766785, "raceEthnicity[T.5]": -1.4639107964643188, "meanLagA1c": 0.35581468812781025, "lagA1c": -0.27796688449779194, "meanLagHdl": 0.2214617722539437, "lagHdl": 0.05644926443504071, "meanLagBmi": -0.2653100089026541, "lagBmi": 0.14089415608624895, "meanLagLdl": 0.19495724416058635, "lagLdl": 0.057224404759693, "meanLagTrig": 0.02760471689235909, "lagTrig": 0.008594600517506925, "meanLagWaist": 0.08517944607214556, "lagWaist": -0.06722368541009963, "meanLagAnyPhysicalActivity": -0.03187500416020228, "lagAnyPhysicalActivity": 0.17296697725717772, "meanLagAntiHypertensiveCount": 1.5676147291971194, "lagAntiHypertensiveCount": -1.4047257469962169, "meanLagStatin": 6.30430497338784, "lagStatin": -6.914342019054883, "meanLagAfib": 5.109716367031458, "lagAfib": -3.4043837543145754, "meanLagAlcoholPerWeek": -0.010477391075534033, "lagAlcoholPerWeek": 0.005334653561834606, "meanLagCreatinine": -2.4181229334303813, "lagCreatinine": 2.051923575662199, "meanLogLagDbp": -15.485411625516946, "logLagDbp": 5.359520032933865, "meanLogLagSbp": 14.144676564610151, "logLagSbp": -9.833234588198351, "age": -0.15216463153765636, "gender": 0.7815498078479166, "meanLagTotChol": 0.673274395326577}, "coefficient_standard_errors": {"Intercept": 2.053561225066207, "smokingStatus[T.1]": 0.11691339229706295, "smokingStatus[T.2]": 0.16015701371795826, "raceEthnicity[T.3]": 0.15269593778365276, "raceEthnicity[T.4]": 0.17566059726668198, "raceEthnicity[T.5]": 0.35892024928405875, "meanLagA1c": 0.08128988558797852, "lagA1c": 0.06641570379699752, "meanLagHdl": 0.04502899478442001, "lagHdl": 0.0063546341036636944, "meanLagBmi": 0.04043659230617147, "lagBmi": 0.03332765151029054, "meanLagLdl": 0.044690241774023844, "lagLdl": 0.002401767524076582, "meanLagTrig": 0.008734302254557501, "lagTrig": 0.0008591960150758984, "meanLagWaist": 0.013145403358430107, "lagWaist": 0.009947385624747453, "meanLagAnyPhysicalActivity": 0.283035471418707, "lagAnyPhysicalActivity": 0.24188883540700207, "meanLagAntiHypertensiveCount": 0.12015502642392152, "lagAntiHypertensiveCount": 0.09369623378082373, "meanLagStatin": 0.29257735775824584, "lagStatin": 0.21941317412781858, "meanLagAfib": 0.5379699153731781, "lagAfib": 0.4301323021725641, "meanLagAlcoholPerWeek": 0.0012663524472508784, "lagAlcoholPerWeek": 0.001003662127385057, "meanLagCreatinine": 0.2564005431069167, "lagCreatinine": 0.2045694162080332, "meanLogLagDbp": 0.49388770734455073, "logLagDbp": 0.44938612287089624, "meanLogLagSbp": 0.7894218168172764, "logLagSbp": 0.6501347644945954, "age": 0.004584656992714844, "gender": 0.11196219975482595, "meanLagTotChol": 0.04444533017137891}, "residual_mean": -3.396424107374938e-12, "residual_standard_deviation": 22.36501179456918}