{"coefficients": {"Intercept": -33.22314415584822, "smokingStatus[T.1]": 1.9511771907365283, "smokingStatus[T.2]": 2.737525012440152, "raceEthnicity[T.3]": 1.965742488481233, "raceEthnicity[T.4]": 1.1541713319403826, "raceEthnicity[T.5]": -2.8208376815007945, "meanLagA1c": -0.24600396913585842, "lagA1c": -0.3693630273062311, "meanLagHdl": -1.6991193358178318, "lagHdl": 0.14334650040096747, "meanLagTotChol": 1.7384144097785947, "lagTotChol": 0.04780636288262646, "meanLagBmi": -0.6665267194570124, "lagBmi": 0.8333223023996685, "meanLagLdl": -1.9102820560989398, "lagLdl": 0.13981270254157663, "meanLagWaist": -0.3730570445431254, "lagWaist": 0.2766328490091175, "meanLagAnyPhysicalActivity": 0.46605840237200624, "lagAnyPhysicalActivity": -0.8262449546462385, "meanLagAntiHypertensiveCount": 0.8973997854489628, "lagAntiHypertensiveCount": -1.9457146172389947, "meanLagStatin": 12.09972872005024, "lagStatin": -12.687061683155108, "meanLagAfib": 10.60183275987193, "lagAfib": -8.056015096297376, "meanLagAlcoholPerWeek": -0.018040274815372362, "lagAlcoholPerWeek": 0.007468468949323088, "meanLagCreatinine": -1.2211092403605046, "lagCreatinine": 1.5016035226410258, "meanLogLagDbp": -10.113782636461536, "logLagDbp": 13.034390235797979, "meanLogLagSbp": 15.535096798364403, "logLagSbp": -12.337026886677098, "age": -0.006769094560799022, "gender": -0.15790421121860376, "meanLagTrig": 0.6423615656354411}, "coefficient_standard_errors": {"Intercept": 6.041566420297041, "smokingStatus[T.1]": 0.3439611021626478, "smokingStatus[T.2]": 0.47118025312667633, "raceEthnicity[T.3]": 0.44923048649444675, "raceEthnicity[T.4]": 0.5167923297702927, "raceEthnicity[T.5]": 1.0559410516774081, "meanLagA1c": 0.23916347973177512, "lagA1c": 0.19540620650966836, "meanLagHdl": 0.1335189288576775, "lagHdl": 0.02505587167348312, "meanLagTotChol": 0.13143572393276517, "lagTotChol": 0.013332762174821305, "meanLagBmi": 0.11900574440844393, "lagBmi": 0.09810241933159022, "meanLagLdl": 0.1318638259908282, "lagLdl": 0.012300599664759217, "meanLagWaist": 0.038675436369693984, "lagWaist": 0.02926680456795012, "meanLagAnyPhysicalActivity": 0.832687399179063, "lagAnyPhysicalActivity": 0.7116343505213483, "meanLagAntiHypertensiveCount": 0.3535007136845901, "lagAntiHypertensiveCount": 0.2756603348220779, "meanLagStatin": 0.8614749321019115, "lagStatin": 0.6464497688483446, "meanLagAfib": 1.5827080610358792, "lagAfib": 1.26545185643641, "meanLagAlcoholPerWeek": 0.0037255997631487924, "lagAlcoholPerWeek": 0.0029527675929022002, "meanLagCreatinine": 0.7543315899899394, "lagCreatinine": 0.6018457378861244, "meanLogLagDbp": 1.4531619813448924, "logLagDbp": 1.3223819583515908, "meanLogLagSbp": 2.3224703623145895, "logLagSbp": 1.9127147922904617, "age": 0.013488012763622576, "gender": 0.3293920230568794, "meanLagTrig": 0.02557153293883975}, "residual_mean": -1.1922687855273538e-13, "residual_standard_deviation": 65.79771874344017}