{"coefficients": {"Intercept": -30.623373445284187, "smokingStatus[T.1]": 1.9166377410561513, "smokingStatus[T.2]": 2.843906287827119, "raceEthnicity[T.3]": 2.3707603543339495, "raceEthnicity[T.4]": 1.325725597480094, "raceEthnicity[T.5]": -2.6899287300626433, "meanLagA1c": 0.4049387924464003, "lagA1c": -0.7863223290660635, "meanLagHdl": -1.7818951891640724, "lagHdl": 0.201912703665937, "meanLagTotChol": 1.7617798251043288, "lagTotChol": 0.037035755063763456, "meanLagBmi": -0.7302870189160471, "lagBmi": 0.9349588150426729, "meanLagLdl": -1.9284400856025994, "lagLdl": 0.1452571471398325, "meanLagWaist": -0.35530293406509705, "lagWaist": 0.23637663639267698, "meanLagAnyPhysicalActivity": -1.490428987439632, "lagAnyPhysicalActivity": 0.6500139922232444, "meanLagAntiHypertensiveCount": 1.3367150191492154, "lagAntiHypertensiveCount": -2.363933147242868, "meanLagStatin": 11.40808166292473, "lagStatin": -11.629808081135204, "meanLagAfib": 9.06831229016919, "lagAfib": -6.834984523657847, "meanLagAlcoholPerWeek": -0.016638546563825053, "lagAlcoholPerWeek": 0.006407335877017117, "meanLogLagDbp": -8.670709580134556, "logLagDbp": 11.058793195856879, "meanLogLagSbp": 14.707258816106755, "logLagSbp": -11.33750504484934, "age": -0.011427637772838034, "gender": -0.3457175350115236, "meanLagTrig": 0.6407229476171287}, "coefficient_standard_errors": {"Intercept": 6.0149338678723865, "smokingStatus[T.1]": 0.34310701714583963, "smokingStatus[T.2]": 0.4700237649804847, "raceEthnicity[T.3]": 0.44544275570500896, "raceEthnicity[T.4]": 0.5108446469343834, "raceEthnicity[T.5]": 1.0534167732372643, "meanLagA1c": 0.2389167252963278, "lagA1c": 0.19455690359519542, "meanLagHdl": 0.13073747637050046, "lagHdl": 0.024951540510497548, "meanLagTotChol": 0.128546144598009, "lagTotChol": 0.013366597364162857, "meanLagBmi": 0.11731805237465288, "lagBmi": 0.09631342507626733, "meanLagLdl": 0.12901469869880855, "lagLdl": 0.012365138177705825, "meanLagWaist": 0.03838835681154026, "lagWaist": 0.028969405278882403, "meanLagAnyPhysicalActivity": 0.84847634439045, "lagAnyPhysicalActivity": 0.7330286564305565, "meanLagAntiHypertensiveCount": 0.35129051272042333, "lagAntiHypertensiveCount": 0.2749000945500348, "meanLagStatin": 0.8580318480697408, "lagStatin": 0.6436106308119292, "meanLagAfib": 1.5784101676133637, "lagAfib": 1.2620069088500492, "meanLagAlcoholPerWeek": 0.0037138391654770357, "lagAlcoholPerWeek": 0.0029405613081066985, "meanLogLagDbp": 1.3608778288748062, "logLagDbp": 1.2779898664173381, "meanLogLagSbp": 2.28408545608984, "logLagSbp": 1.889110672441906, "age": 0.013402818198908678, "gender": 0.31979430828986305, "meanLagTrig": 0.024973814862733947}, "residual_mean": -1.1151438688110266e-12, "residual_standard_deviation": 65.62827423690155}