{"coefficients": {"Intercept": 3.0124332471577873, "smokingStatus[T.1]": 0.17887091470562844, "smokingStatus[T.2]": -0.19781946002370443, "raceEthnicity[T.3]": 0.9686645278627353, "raceEthnicity[T.4]": 0.8028511935825584, "raceEthnicity[T.5]": 0.0472990965174489, "meanLagA1c": -0.15262650587215232, "lagA1c": 0.07413326306179784, "meanLagHdl": -0.0044525505355307304, "lagHdl": -0.026780318067547507, "meanLagTotChol": -0.02082722602359019, "lagTotChol": 0.03697443992860576, "meanLagBmi": -0.22686153876898008, "lagBmi": 0.5591124387587953, "meanLagLdl": 0.019714885509576507, "lagLdl": -0.03586765247671028, "meanLagTrig": 0.0011182974027751091, "lagTrig": -0.004993139631617068, "meanLagAnyPhysicalActivity": 0.3274299699852783, "lagAnyPhysicalActivity": -0.11486261239507989, "meanLagAntiHypertensiveCount": -0.8866988214542877, "lagAntiHypertensiveCount": 0.5769650213448207, "meanLagStatin": -1.0447036032852814, "lagStatin": 0.7677097887300224, "meanLagAfib": -0.8726682583574452, "lagAfib": 0.0436275038822197, "meanLagAlcoholPerWeek": 0.0041724132733800545, "lagAlcoholPerWeek": -0.00038877283157273516, "meanLagCreatinine": -0.12483185331005364, "lagCreatinine": -0.20971920634704821, "meanLogLagDbp": 5.295803372002496, "logLagDbp": -0.48593231533200054, "meanLogLagSbp": -4.819447762101035, "logLagSbp": 0.261358955228161, "age": 0.08471618960069635, "gender": -0.5709114455385098, "meanLagWaist": 0.8579509764056652}, "coefficient_standard_errors": {"Intercept": 0.6144777183390482, "smokingStatus[T.1]": 0.03498294529970443, "smokingStatus[T.2]": 0.04792138563299691, "raceEthnicity[T.3]": 0.045688070827356646, "raceEthnicity[T.4]": 0.05255813807004826, "raceEthnicity[T.5]": 0.10739881733187931, "meanLagA1c": 0.024319051757647484, "lagA1c": 0.01986880952721006, "meanLagHdl": 0.01607356144347403, "lagHdl": 0.008967146960108925, "meanLagTotChol": 0.01580848582404715, "lagTotChol": 0.008546100040751885, "meanLagBmi": 0.01035960903543168, "lagBmi": 0.007524540738168353, "meanLagLdl": 0.015848431963487657, "lagLdl": 0.008535608309374148, "meanLagTrig": 0.0030643318256496767, "lagTrig": 0.0016203410972914086, "meanLagAnyPhysicalActivity": 0.08468313033553969, "lagAnyPhysicalActivity": 0.0723747105122749, "meanLagAntiHypertensiveCount": 0.035922857633856345, "lagAntiHypertensiveCount": 0.028009692369767584, "meanLagStatin": 0.08760154260693866, "lagStatin": 0.0657356724089645, "meanLagAfib": 0.1609499226239836, "lagAfib": 0.12869417241273523, "meanLagAlcoholPerWeek": 0.0003789019218795676, "lagAlcoholPerWeek": 0.00030032091059617065, "meanLagCreatinine": 0.07670392663167659, "lagCreatinine": 0.061179873010568195, "meanLogLagDbp": 0.14762540403451316, "logLagDbp": 0.1344852783830396, "meanLogLagSbp": 0.23607996738452164, "logLagSbp": 0.1945231583042556, "age": 0.0013634422338829365, "gender": 0.03349873618802704, "meanLagWaist": 0.0027159060796227573}, "residual_mean": 1.0478965645022945e-13, "residual_standard_deviation": 6.692232216406707}