{"parameters": {"Intercept": 0.13840371078998004, "smokingStatus[T.1]": -0.0004652945499357686, "smokingStatus[T.2]": -0.004798275935361418, "raceEthnicity[T.3]": 0.017521558472899823, "raceEthnicity[T.4]": 0.05308843497505722, "raceEthnicity[T.5]": 0.0036550014741075776, "meanLagHdl": -0.002523080545924962, "lagHdl": 0.0025194399803081927, "meanLagTotChol": 0.000828492830488893, "lagTotChol": -0.0015761351192073426, "meanLagBmi": -0.011805275449115811, "lagBmi": 0.014027709826701748, "meanLagLdl": -0.00020319904218911444, "lagLdl": 0.0012532409120400668, "meanLagTrig": -1.4776802841276297e-05, "lagTrig": 0.00018143848628097514, "meanLogLagDbp": 0.19510728230280217, "logLagDbp": -0.09939631938641158, "meanLogLagSbp": -0.14487485105782083, "logLagSbp": 0.03995760620786637, "age": 0.0035171330137661536, "gender": 0.0030485488524243376, "meanLagA1c": 0.9523444940392891}, "standard_errors": {"Intercept": 0.06751155812480246, "smokingStatus[T.1]": 0.004077575484864733, "smokingStatus[T.2]": 0.005558259288168604, "raceEthnicity[T.3]": 0.005275979765258605, "raceEthnicity[T.4]": 0.006033144979466173, "raceEthnicity[T.5]": 0.012688677574847896, "meanLagHdl": 0.0010682974667704215, "lagHdl": 0.00047589866357476907, "meanLagTotChol": 0.0010468985340831758, "lagTotChol": 0.00042067086143874255, "meanLagBmi": 0.0009256250967165521, "lagBmi": 0.0008611823960999956, "meanLagLdl": 0.001047837131016802, "lagLdl": 0.00041808580628012443, "meanLagTrig": 0.00019813853938170122, "lagTrig": 7.374698946246524e-05, "meanLogLagDbp": 0.016118480903547967, "logLagDbp": 0.015105796643797005, "meanLogLagSbp": 0.026843969304121973, "logLagSbp": 0.022625174934230635, "age": 0.00014376545512609153, "gender": 0.0034695363376104405, "meanLagA1c": 0.0016570022855502263}, "residual_mean": 5.978482346640826e-14, "residual_standard_deviation": 0.7872885483944515}