{"coefficients": {"Intercept": 0.13575594216962728, "smokingStatus[T.1]": -0.0005581837470277629, "smokingStatus[T.2]": 0.010190987957579584, "raceEthnicity[T.3]": 0.021079328226912164, "raceEthnicity[T.4]": 0.04706886943103772, "raceEthnicity[T.5]": 0.018180071608746573, "meanLagHdl": -0.002493547029405893, "lagHdl": 0.0012429130044017498, "meanLagTotChol": 0.0007107688409636239, "lagTotChol": -0.0002255362554375211, "meanLagBmi": -0.0011576599274628063, "lagBmi": 0.009618057164714177, "meanLagLdl": -0.0006051290422689377, "lagLdl": 0.00011617054734875364, "meanLagTrig": -2.3102738568015445e-06, "lagTrig": 4.67814575141228e-06, "meanLagWaist": -0.005225694794376026, "lagWaist": 0.002286281349082303, "meanLagAnyPhysicalActivity": 0.011147562982314785, "lagAnyPhysicalActivity": -0.004859680151573804, "meanLagAntiHypertensiveCount": -0.03925592067602257, "lagAntiHypertensiveCount": 0.031066063842159257, "meanLagStatin": -0.07277755781428263, "lagStatin": 0.06431249775820878, "meanLagAfib": -0.10195354409752067, "lagAfib": 0.06786930184556342, "meanLogLagDbp": 0.21141489838910088, "logLagDbp": -0.031073262964308235, "meanLogLagSbp": -0.11449314526960297, "logLagSbp": -0.05024593274729705, "age": 0.003782729253157433, "gender": -0.009836532994401015, "meanLagA1c": 0.9584872453809978}, "coefficient_standard_errors": {"Intercept": 0.06859792625589875, "smokingStatus[T.1]": 0.00392085471639461, "smokingStatus[T.2]": 0.005326886055174092, "raceEthnicity[T.3]": 0.005100531623444286, "raceEthnicity[T.4]": 0.005845026907136348, "raceEthnicity[T.5]": 0.012068334543831756, "meanLagHdl": 0.001733253788907442, "lagHdl": 0.0009401707023523214, "meanLagTotChol": 0.001702490026617821, "lagTotChol": 0.0008903762266807949, "meanLagBmi": 0.0013689936750427413, "lagBmi": 0.0011303661630620908, "meanLagLdl": 0.0017066736418375672, "lagLdl": 0.000888563381195657, "meanLagTrig": 0.00032944753981017477, "lagTrig": 0.00016775338942206367, "meanLagWaist": 0.000443734529943877, "lagWaist": 0.0003360205657389539, "meanLagAnyPhysicalActivity": 0.009629725193339241, "lagAnyPhysicalActivity": 0.00828568802558155, "meanLagAntiHypertensiveCount": 0.004014352202700416, "lagAntiHypertensiveCount": 0.0031446076658882558, "meanLagStatin": 0.009813586048614922, "lagStatin": 0.007368677505253424, "meanLagAfib": 0.018084910248178872, "lagAfib": 0.01446362123734582, "meanLogLagDbp": 0.015018686542502968, "logLagDbp": 0.014446334255930565, "meanLogLagSbp": 0.02595033946230011, "logLagSbp": 0.02155748003592421, "age": 0.00015146925834539295, "gender": 0.003639933847572375, "meanLagA1c": 0.001593787349881505}, "residual_mean": -6.181777103074794e-14, "residual_standard_deviation": 0.7518719463525672}