{"coefficients": {"Intercept": 0.2424876692898863, "smokingStatus[T.1]": 0.0007238575337181752, "smokingStatus[T.2]": 0.003487496659316025, "raceEthnicity[T.3]": 0.013026662563183578, "raceEthnicity[T.4]": 0.0481467172701735, "raceEthnicity[T.5]": -0.005119107138062962, "meanLagHdl": -0.0029600617145085495, "lagHdl": 0.0022622553757732987, "meanLagTotChol": 0.001444845678798174, "lagTotChol": -0.0013857539632314772, "meanLagBmi": -0.013435534760908634, "lagBmi": 0.015629318057511027, "meanLagLdl": -0.000702564660879805, "lagLdl": 0.0009600876312308971, "meanLagTrig": -0.00011925076034255714, "lagTrig": 0.00011804122433422867, "meanLogLagDbp": 0.19488466643596203, "logLagDbp": -0.1121562069216755, "meanLogLagSbp": -0.17108918506383963, "logLagSbp": 0.06288883587519734, "age": 0.0033037193971894516, "gender": 0.004390398825156072, "meanLagA1c": 0.9478929063215434}, "coefficient_standard_errors": {"Intercept": 0.06734126913598006, "smokingStatus[T.1]": 0.004066428639920063, "smokingStatus[T.2]": 0.005541532346912101, "raceEthnicity[T.3]": 0.005265317879915613, "raceEthnicity[T.4]": 0.006014587952815815, "raceEthnicity[T.5]": 0.012653769352678677, "meanLagHdl": 0.0011404737369736639, "lagHdl": 0.0005522680069267487, "meanLagTotChol": 0.0011191057341913297, "lagTotChol": 0.0005032346880835438, "meanLagBmi": 0.0009211612713144665, "lagBmi": 0.0008568653542763199, "meanLagLdl": 0.0011209140670494916, "lagLdl": 0.0005025326493879414, "meanLagTrig": 0.00021258220188265513, "lagTrig": 9.110881203747937e-05, "meanLogLagDbp": 0.016977783408790425, "logLagDbp": 0.015409409404202417, "meanLogLagSbp": 0.02701706331467311, "logLagSbp": 0.022712110508608836, "age": 0.0001433435974462993, "gender": 0.003460145538507927, "meanLagA1c": 0.0016571199717136938}, "residual_mean": 5.0111524379532326e-14, "residual_standard_deviation": 0.7849161445140164}