{"coefficients": {"Intercept": 0.0018069883566050604, "smokingStatus[T.1]": -0.003831983594842512, "smokingStatus[T.2]": 0.0011229246479923433, "raceEthnicity[T.3]": 0.008080498287857818, "raceEthnicity[T.4]": 0.004533676696268163, "raceEthnicity[T.5]": 0.002876975216606066, "meanLagA1c": -0.0018594781533706893, "lagA1c": 0.002076009393135264, "meanLagHdl": -0.00047520052371426835, "lagHdl": 0.00033842335279515867, "meanLagTotChol": 0.0004982283504138607, "lagTotChol": -0.000508604541033888, "meanLagBmi": 0.004273879379228722, "lagBmi": -0.0025845714053398575, "meanLagLdl": -0.0004043633265606604, "lagLdl": 0.00036440935030748956, "meanLagTrig": -6.353205861785703e-05, "lagTrig": 6.067185246117459e-05, "meanLagWaist": -0.0010811509409678166, "lagWaist": 0.000378178511784959, "meanLagAnyPhysicalActivity": 0.017616421541652053, "lagAnyPhysicalActivity": -0.013342694899662666, "meanLagAntiHypertensiveCount": -0.06351775865003384, "lagAntiHypertensiveCount": 0.06348057978555811, "meanLagStatin": -0.015585843603482023, "lagStatin": 0.013397772830799534, "meanLogLagDbp": 0.00355313190820893, "logLagDbp": 0.013263657091555968, "meanLogLagSbp": 0.01104832163382964, "logLagSbp": -0.031226597208046103, "age": 0.0009556684353356023, "gender": -0.0038652893384334523, "meanLagAfib": 1.0752761325248028}, "coefficient_standard_errors": {"Intercept": 0.011712149448747579, "smokingStatus[T.1]": 0.0006693817015355608, "smokingStatus[T.2]": 0.0009094882433547226, "raceEthnicity[T.3]": 0.0008708426875204556, "raceEthnicity[T.4]": 0.0009979585093509125, "raceEthnicity[T.5]": 0.0020605016309455646, "meanLagA1c": 0.0004683695694789983, "lagA1c": 0.0003818500496169666, "meanLagHdl": 0.00029593097014127235, "lagHdl": 0.00016052674166286158, "meanLagTotChol": 0.00029068002568071025, "lagTotChol": 0.0001520269807777669, "meanLagBmi": 0.00023356449944148103, "lagBmi": 0.00019291778494026692, "meanLagLdl": 0.0002913947680939668, "lagLdl": 0.0001517186430591325, "meanLagTrig": 5.624837425159929e-05, "lagTrig": 2.864126652358282e-05, "meanLagWaist": 7.579423209852538e-05, "lagWaist": 5.739549444697209e-05, "meanLagAnyPhysicalActivity": 0.0016434901327500627, "lagAnyPhysicalActivity": 0.001414031713543413, "meanLagAntiHypertensiveCount": 0.0006615725329817083, "lagAntiHypertensiveCount": 0.0005066877136713614, "meanLagStatin": 0.0016762993513161522, "lagStatin": 0.0012590332245263325, "meanLogLagDbp": 0.0025648455245475166, "logLagDbp": 0.0024660814445236667, "meanLogLagSbp": 0.0044309516631955105, "logLagSbp": 0.0036797288511839945, "age": 2.5850793036136324e-05, "gender": 0.0006214655542167662, "meanLagAfib": 0.0018642292340688442}, "residual_mean": 2.773719915731139e-16, "residual_standard_deviation": 0.12837174937667878}