{"coefficients": {"Intercept": 6.845460874446587, "smokingStatus[T.1]": -0.10165360168067217, "smokingStatus[T.2]": 3.173536502254524, "raceEthnicity[T.3]": -0.6674013747005016, "raceEthnicity[T.4]": -0.7782271981474975, "raceEthnicity[T.5]": -0.592068199414947, "meanLagA1c": 0.06464042682546224, "lagA1c": -0.0654361628870965, "meanLagHdl": -0.011955822292020413, "lagHdl": -0.01523658920377217, "meanLagTotChol": -0.041747217079754456, "lagTotChol": 0.08464815543874199, "meanLagBmi": 0.07737462831221054, "lagBmi": -0.043412916608273816, "meanLagLdl": 0.020160266927146675, "lagLdl": -0.06818469000786767, "meanLagTrig": -0.002232974763465914, "lagTrig": -0.008792815477509344, "meanLagWaist": -0.0033213304278791878, "lagWaist": -0.027699962162231438, "meanLagAnyPhysicalActivity": -0.27546433611758747, "lagAnyPhysicalActivity": 1.2040507067617705, "meanLagAntiHypertensiveCount": 0.09527548442951611, "lagAntiHypertensiveCount": 0.08400087789127397, "meanLagStatin": -0.3506399720742981, "lagStatin": 0.9893651130818758, "meanLagAfib": 0.07621998356019377, "lagAfib": 0.3487485740394487, "meanLogLagDbp": -2.674397501151944, "logLagDbp": 0.6185389641809529, "meanLogLagSbp": 0.38932385590934615, "logLagSbp": 1.4736059664466232, "age": -0.07648315757655999, "gender": -0.08415178610679969, "meanLagAlcoholPerWeek": 0.943941014700559}, "coefficient_standard_errors": {"Intercept": 4.586487149351132, "smokingStatus[T.1]": 0.26162579429888905, "smokingStatus[T.2]": 0.358375851340454, "raceEthnicity[T.3]": 0.3396573859843621, "raceEthnicity[T.4]": 0.3895270528145045, "raceEthnicity[T.5]": 0.8032481068560547, "meanLagA1c": 0.18217949495116298, "lagA1c": 0.1483549415711894, "meanLagHdl": 0.11926846301247093, "lagHdl": 0.0681762154794814, "meanLagTotChol": 0.11722493368036103, "lagTotChol": 0.06509864443983082, "meanLagBmi": 0.08946964241743595, "lagBmi": 0.07345815987267901, "meanLagLdl": 0.11754554649114522, "lagLdl": 0.06502091890194667, "meanLagTrig": 0.022693028997834458, "lagTrig": 0.012342206544335299, "meanLagWaist": 0.02927200946571073, "lagWaist": 0.02208957937447194, "meanLagAnyPhysicalActivity": 0.6469791874328499, "lagAnyPhysicalActivity": 0.5589481122587616, "meanLagAntiHypertensiveCount": 0.26786525570132874, "lagAntiHypertensiveCount": 0.2096165373632408, "meanLagStatin": 0.6544388429122735, "lagStatin": 0.4909925778339096, "meanLagAfib": 1.2035707508929399, "lagAfib": 0.9623107072542658, "meanLogLagDbp": 1.0377074120941125, "logLagDbp": 0.9745643389514889, "meanLogLagSbp": 1.7415485965041373, "logLagSbp": 1.4403183804930262, "age": 0.010219959014011877, "gender": 0.2438485479267461, "meanLagAlcoholPerWeek": 0.0017372311101903478}, "residual_mean": -3.02406632360918e-13, "residual_standard_deviation": 50.04266867610478}