{"coefficients": {"Intercept": -0.16652194313796986, "smokingStatus[T.1]": 0.008558591581370841, "smokingStatus[T.2]": 0.0069807742820445886, "raceEthnicity[T.3]": 0.03621827658805534, "raceEthnicity[T.4]": 0.028608099270036068, "raceEthnicity[T.5]": 0.04138545521043241, "meanLagA1c": -0.02298090416289765, "lagA1c": 0.018459211429750818, "meanLagHdl": -0.001676015010165243, "lagHdl": 0.0026966634505864837, "meanLagTotChol": -0.00020435875130898678, "lagTotChol": -0.0018797016422128175, "meanLagBmi": 0.002299569861867981, "lagBmi": 0.012025632038791255, "meanLagLdl": 0.0009718533339348691, "lagLdl": 0.0009388965259910013, "meanLagTrig": 0.00016340541633045393, "lagTrig": 0.0002088903097585092, "meanLagWaist": -0.010072026406761489, "lagWaist": 0.004541217524750403, "meanLagAnyPhysicalActivity": 0.06278513162344851, "lagAnyPhysicalActivity": -0.01286807493907017, "meanLagStatin": -0.20945327554827436, "lagStatin": 0.2454141612696142, "meanLagAfib": -1.101959791950944, "lagAfib": 1.1008177644479789, "meanLogLagDbp": 0.31817729471743283, "logLagDbp": -0.2456229350226224, "meanLogLagSbp": -0.06336142197375136, "logLagSbp": 0.016846905006998203, "age": 0.005513972731281084, "gender": -0.029065694528740173, "meanLagAntiHypertensiveCount": 0.984280290840805}, "coefficient_standard_errors": {"Intercept": 0.052635441001629105, "smokingStatus[T.1]": 0.0030085043990228984, "smokingStatus[T.2]": 0.004087396608347653, "raceEthnicity[T.3]": 0.00391364047769989, "raceEthnicity[T.4]": 0.00448480614275545, "raceEthnicity[T.5]": 0.009260238785692805, "meanLagA1c": 0.002104375179798714, "lagA1c": 0.0017155971138125522, "meanLagHdl": 0.001329950310685621, "lagHdl": 0.0007214142181518069, "meanLagTotChol": 0.0013063723164605718, "lagTotChol": 0.0006832447993675702, "meanLagBmi": 0.0010501860553941726, "lagBmi": 0.0008664922560736139, "meanLagLdl": 0.0013095839541315808, "lagLdl": 0.0006818579902507374, "meanLagTrig": 0.0002527908633859403, "lagTrig": 0.0001287204159382418, "meanLagWaist": 0.00034021474017395585, "lagWaist": 0.0002577421811353891, "meanLagAnyPhysicalActivity": 0.007388737456359831, "lagAnyPhysicalActivity": 0.00635748370309099, "meanLagStatin": 0.0074741646197135775, "lagStatin": 0.005583442670649804, "meanLagAfib": 0.013366441808593685, "lagAfib": 0.010470644160587605, "meanLogLagDbp": 0.0114923233003953, "logLagDbp": 0.011054064813870371, "meanLogLagSbp": 0.01990135649448424, "logLagSbp": 0.016520399184099335, "age": 0.00011605594375894011, "gender": 0.00279279597969798, "meanLagAntiHypertensiveCount": 0.001946387002779313}, "residual_mean": 1.3345167736852418e-14, "residual_standard_deviation": 0.5769245015521887}