{"coefficients": {"Intercept": -0.14704527082816266, "smokingStatus[T.1]": 0.008129258228527947, "smokingStatus[T.2]": 0.0038560731228678606, "raceEthnicity[T.3]": 0.03569967273073674, "raceEthnicity[T.4]": 0.028971659691310436, "raceEthnicity[T.5]": 0.04247299995093533, "meanLagA1c": -0.019022626783837992, "lagA1c": 0.014407143384913813, "meanLagHdl": -0.0020137475627451983, "lagHdl": 0.0029579663883983, "meanLagTotChol": 0.0002387480251815101, "lagTotChol": -0.002277475981402762, "meanLagBmi": 0.005234108807543793, "lagBmi": 0.009236068370502807, "meanLagLdl": 0.0005339743779900286, "lagLdl": 0.0013288221373226597, "meanLagTrig": 0.00011542792930218542, "lagTrig": 0.0002553428253175915, "meanLagWaist": -0.010580931344301863, "lagWaist": 0.004994505842921874, "meanLagAnyPhysicalActivity": 0.06366671103685644, "lagAnyPhysicalActivity": -0.01255165766330553, "meanLagStatin": -0.2074181595192777, "lagStatin": 0.24300888910129606, "meanLagAfib": -1.1022754045500032, "lagAfib": 1.0997773230379304, "meanLagAlcoholPerWeek": 0.00011060950412321017, "lagAlcoholPerWeek": -1.794448914653145e-05, "meanLogLagDbp": 0.3364589783813763, "logLagDbp": -0.2596447893234493, "meanLogLagSbp": -0.09354383234771212, "logLagSbp": 0.036419720158851976, "age": 0.005668948894713607, "gender": -0.026940053740956926, "meanLagAntiHypertensiveCount": 0.9851834804946599}, "coefficient_standard_errors": {"Intercept": 0.05288254039724241, "smokingStatus[T.1]": 0.0030165614759712863, "smokingStatus[T.2]": 0.004132435778840536, "raceEthnicity[T.3]": 0.003916282619955691, "raceEthnicity[T.4]": 0.00449117935783359, "raceEthnicity[T.5]": 0.009261748706191527, "meanLagA1c": 0.002100054092520136, "lagA1c": 0.001710083363503636, "meanLagHdl": 0.0013752232341350992, "lagHdl": 0.0007861327946589555, "meanLagTotChol": 0.0013516389723591245, "lagTotChol": 0.0007505970168688481, "meanLagBmi": 0.0010314550304818104, "lagBmi": 0.00084626262889079, "meanLagLdl": 0.0013553402742636465, "lagLdl": 0.0007497089527251586, "meanLagTrig": 0.00026165887656411535, "lagTrig": 0.00014230992691256428, "meanLagWaist": 0.00033690074574602467, "lagWaist": 0.00025437214609205316, "meanLagAnyPhysicalActivity": 0.007459355687595726, "lagAnyPhysicalActivity": 0.006444415842806763, "meanLagStatin": 0.007485361800454481, "lagStatin": 0.005584971530374707, "meanLagAfib": 0.013366103889353501, "lagAfib": 0.010468287761926579, "meanLagAlcoholPerWeek": 3.2650350645309196e-05, "lagAlcoholPerWeek": 2.5853734080658017e-05, "meanLogLagDbp": 0.011928021682746556, "logLagDbp": 0.011202747282617187, "meanLogLagSbp": 0.02007229566325236, "logLagSbp": 0.016590451485590626, "age": 0.0001175667684904752, "gender": 0.0028115314296147196, "meanLagAntiHypertensiveCount": 0.0019500626783476168}, "residual_mean": -5.826395279533531e-15, "residual_standard_deviation": 0.5770108784410682}