{"coefficients": {"Intercept": 0.08941755892412218, "smokingStatus[T.1]": 0.001676785943697856, "smokingStatus[T.2]": -0.006176210652426423, "raceEthnicity[T.3]": 0.004353306163348572, "raceEthnicity[T.4]": 0.00043685969235762734, "raceEthnicity[T.5]": 0.00394937623458653, "meanLagA1c": 0.00013440134576066102, "lagA1c": 0.00017838733030498647, "meanLagHdl": 0.0012138429236069697, "lagHdl": -0.0002211498901433988, "meanLagTotChol": -0.0010359914081605514, "lagTotChol": 0.00010497686972568937, "meanLagBmi": 0.0003860236730492059, "lagBmi": -0.0005445198451910368, "meanLagLdl": 0.0009577509343514728, "lagLdl": -1.2108314630306224e-05, "meanLagTrig": 0.00016684209090325362, "lagTrig": 4.760581857298849e-06, "meanLagWaist": 9.096683996451596e-05, "lagWaist": -0.00013415312258253725, "meanLagAntiHypertensiveCount": 0.006185308068104772, "lagAntiHypertensiveCount": -0.004459516021826101, "meanLagStatin": 0.005307230579032457, "lagStatin": -0.003317811866359772, "meanLagAfib": 0.0336208222209082, "lagAfib": -0.03967863229446289, "meanLogLagDbp": -0.009800618335872702, "logLagDbp": 0.003672704374879543, "meanLogLagSbp": -0.006190502838386347, "logLagSbp": 0.0031018267819827583, "age": -0.0003205813232083502, "gender": -0.002161208019217077, "meanLagAnyPhysicalActivity": 0.9648455122072995}, "coefficient_standard_errors": {"Intercept": 0.019251026315032928, "smokingStatus[T.1]": 0.0011003415230435457, "smokingStatus[T.2]": 0.0014949111305806763, "raceEthnicity[T.3]": 0.001431400097987095, "raceEthnicity[T.4]": 0.001640339319980297, "raceEthnicity[T.5]": 0.003386803770298882, "meanLagA1c": 0.0007698835935451832, "lagA1c": 0.0006276728504994664, "meanLagHdl": 0.00048641350282455813, "lagHdl": 0.0002638498408963772, "meanLagTotChol": 0.0004777880640134896, "lagTotChol": 0.00024988913295391425, "meanLagBmi": 0.00038420192339966, "lagBmi": 0.0003173031429343623, "meanLagLdl": 0.00047896165750461474, "lagLdl": 0.0002493798847406197, "meanLagTrig": 9.245439648817555e-05, "lagTrig": 4.707712480281281e-05, "meanLagWaist": 0.00012459780628400422, "lagWaist": 9.433839230823333e-05, "meanLagAntiHypertensiveCount": 0.0011268652585734703, "lagAntiHypertensiveCount": 0.0008827570288994006, "meanLagStatin": 0.0027552863899467602, "lagStatin": 0.0020694114188393323, "meanLagAfib": 0.005074029233415701, "lagAfib": 0.004057402622788794, "meanLogLagDbp": 0.004215733456748794, "logLagDbp": 0.004054177991199273, "meanLogLagSbp": 0.007282811292822441, "logLagSbp": 0.0060490859023234565, "age": 4.2537801643055854e-05, "gender": 0.00102151654746344, "meanLagAnyPhysicalActivity": 0.0013793322931500399}, "residual_mean": 3.3204053614801617e-15, "residual_standard_deviation": 0.21100195940260577}