{"coefficients": {"Intercept": 0.011153358847151157, "smokingStatus[T.1]": -0.0005391507366081215, "smokingStatus[T.2]": -0.0011467822418287112, "raceEthnicity[T.3]": 0.0005975809543874145, "raceEthnicity[T.4]": 6.402855130066727e-05, "raceEthnicity[T.5]": -0.0016889064643031922, "education[T.3]": 0.0005975809543875481, "education[T.4]": 6.40285513009471e-05, "education[T.5]": -0.0016889064643033492, "sbp": 2.5803491290138678e-05, "dbp": -0.00010237623663581405, "bmi": 0.001144714570588808, "trig": -3.745598633827142e-05, "totChol": 0.00017005887100026904, "hdl": -0.00010785647028463231, "ldl": -0.00026472424369515177, "age": 0.0007851691310216724, "gender": -0.005371861451463597, "a1c": -0.00046819820714343247, "waist": -0.0005446458487135418, "anyPhysicalActivity": -0.003668275299260959, "glucosef": 5.375679893992769e-05}, "coefficient_standard_errors": {"Intercept": 0.00735278847774351, "smokingStatus[T.1]": 0.0012048311369478202, "smokingStatus[T.2]": 0.001271691921212628, "raceEthnicity[T.3]": 0.001304601730031717, "raceEthnicity[T.4]": 0.0012943018422514848, "raceEthnicity[T.5]": 0.0019773004856640376, "education[T.3]": 0.001304601730031678, "education[T.4]": 0.0012943018422514223, "education[T.5]": 0.0019773004856640693, "sbp": 3.4534379703043704e-05, "dbp": 5.3028643209232425e-05, "bmi": 0.00019589676826483202, "trig": 4.7569127159809054e-05, "totChol": 0.0002425837652026538, "hdl": 0.00024365205163912816, "ldl": 0.0002432265518179783, "age": 4.156597961130808e-05, "gender": 0.001076915106954556, "a1c": 0.00028823638820087166, "waist": 7.47601854680568e-05, "anyPhysicalActivity": 0.0013320023423409322, "glucosef": 1.838492934059454e-05}, "residual_mean": -1.2756308983303454e-16, "residual_standard_deviation": 0.09783098259436626}