{"coefficients": {"Intercept": -10.478741459750875, "smokingStatus[T.1]": 0.051832169925800385, "smokingStatus[T.2]": -0.0006682428139526515, "education[T.3]": 0.8574796112937045, "education[T.4]": 0.49654276218294885, "education[T.5]": 0.6912759127877791, "sbp": -0.004982603325312716, "dbp": 0.004351754088414468, "bmi": 0.0786828326637796, "trig": -0.013728317540874625, "totChol": 0.06698150996407075, "hdl": -0.07170585026542672, "ldl": -0.07636346125706371, "age": 0.11159880736041876, "gender": -0.32020253638768525, "a1c": 0.10031280964239397, "waist": -0.02551386239336243, "anyPhysicalActivity": -0.3642035116365892}, "coefficient_standard_errors": {"Intercept": 0.849635489802754, "smokingStatus[T.1]": 0.11473581476413443, "smokingStatus[T.2]": 0.17765804221887188, "education[T.3]": 0.21885930064959783, "education[T.4]": 0.22517748553717387, "education[T.5]": 0.339772265947709, "sbp": 0.0030434131047001, "dbp": 0.005271622880220425, "bmi": 0.01829531710198691, "trig": 0.013970234919044562, "totChol": 0.07039751132210349, "hdl": 0.07021518969407606, "ldl": 0.07050337441926974, "age": 0.005879990981203755, "gender": 0.12077774810270664, "a1c": 0.021423578567087334, "waist": 0.007032188530036477, "anyPhysicalActivity": 0.12918209099655123}, "residual_mean": null, "residual_standard_deviation": null}