{"coefficients": {"Intercept": 1.8946060183029942, "smokingStatus[T.1]": 0.004472512546235041, "smokingStatus[T.2]": -0.24013957617862514, "raceEthnicity[T.3]": 0.1933356571683209, "raceEthnicity[T.4]": 0.2806880001951455, "raceEthnicity[T.5]": -0.07200489868581483, "meanLagA1c": -0.10758596010503729, "lagA1c": 0.037683282496255396, "meanLagHdl": 0.014789121221047821, "lagHdl": -0.01187458472234, "meanLagTotChol": -0.018836587004141148, "lagTotChol": 0.013604969447498998, "meanLagLdl": 0.020647048047798378, "lagLdl": -0.015628432168110135, "meanLagTrig": 0.0022828134301378367, "lagTrig": -0.0020485244197715738, "meanLogLagDbp": 1.0590661710524554, "logLagDbp": 0.10420883635463163, "meanLogLagSbp": -1.6926585451289924, "logLagSbp": 0.23743956828165658, "age": 0.010727373187520817, "gender": 0.048963881092774386, "meanLagBmi": 1.0080111577619277}, "coefficient_standard_errors": {"Intercept": 0.18682080483879454, "smokingStatus[T.1]": 0.011277516969832414, "smokingStatus[T.2]": 0.0153660440808352, "raceEthnicity[T.3]": 0.01460793577483283, "raceEthnicity[T.4]": 0.01668265407552577, "raceEthnicity[T.5]": 0.03510663233493533, "meanLagA1c": 0.007735777505369205, "lagA1c": 0.006238949401145957, "meanLagHdl": 0.003159965922547618, "lagHdl": 0.0015243164773188999, "meanLagTotChol": 0.003103315510705266, "lagTotChol": 0.0013937977354452323, "meanLagLdl": 0.0031088112213369444, "lagLdl": 0.0013928502545210138, "meanLagTrig": 0.0005897946924705577, "lagTrig": 0.0002527794732359629, "meanLogLagDbp": 0.04695163252229125, "logLagDbp": 0.042690765874574814, "meanLogLagSbp": 0.07450530924405979, "logLagSbp": 0.06274861467394717, "age": 0.00039282402311139534, "gender": 0.009599999348477531, "meanLagBmi": 0.0009464191853579387}, "residual_mean": 2.335294954659216e-13, "residual_standard_deviation": 2.177739077429811}