{"coefficients": {"Intercept": 1.1366568679579814, "smokingStatus[T.1]": 0.06385653646194278, "smokingStatus[T.2]": -0.19138268692908866, "raceEthnicity[T.3]": 0.18947474580894408, "raceEthnicity[T.4]": 0.1981645239155112, "raceEthnicity[T.5]": -0.06633805724743569, "meanLagA1c": -0.06483938681746428, "lagA1c": 0.023366146107428917, "meanLagHdl": 0.017669904113362958, "lagHdl": -0.028070864008821556, "meanLagTotChol": -0.019644395454731435, "lagTotChol": 0.026659647395599003, "meanLagLdl": 0.01766313186027857, "lagLdl": -0.025256982792055134, "meanLagTrig": 0.0023981217274071064, "lagTrig": -0.004115092957561095, "meanLagWaist": -0.08036354404695001, "lagWaist": 0.048480542402223, "meanLagAnyPhysicalActivity": 0.05062358543361878, "lagAnyPhysicalActivity": -0.006801396921405356, "meanLagAntiHypertensiveCount": -0.27975117678662387, "lagAntiHypertensiveCount": 0.167589126855849, "meanLagStatin": -0.278668959266533, "lagStatin": 0.21263789749225193, "meanLagAfib": 0.22106220615312067, "lagAfib": -0.3186367693826604, "meanLogLagDbp": 0.9135215567986705, "logLagDbp": 0.16741457067180754, "meanLogLagSbp": -0.9420149800377544, "logLagSbp": -0.09845915086463197, "age": 0.014159770730271956, "gender": -0.10776990508157658, "meanLagBmi": 1.0798989315563738}, "coefficient_standard_errors": {"Intercept": 0.18953913180712947, "smokingStatus[T.1]": 0.010833451404403121, "smokingStatus[T.2]": 0.014716779786332285, "raceEthnicity[T.3]": 0.014092836866558137, "raceEthnicity[T.4]": 0.01614973257720514, "raceEthnicity[T.5]": 0.03334540912752353, "meanLagA1c": 0.00757836281092838, "lagA1c": 0.006178176887392772, "meanLagHdl": 0.0047864675287394, "lagHdl": 0.0025926871882064376, "meanLagTotChol": 0.004702984989889016, "lagTotChol": 0.002458036655827312, "meanLagLdl": 0.004714881736530772, "lagLdl": 0.002453664477024069, "meanLagTrig": 0.0009102265986680411, "lagTrig": 0.0004633980142066314, "meanLagWaist": 0.0010487521224167159, "lagWaist": 0.0006962138857407536, "meanLagAnyPhysicalActivity": 0.026607329851988416, "lagAnyPhysicalActivity": 0.022893426374577183, "meanLagAntiHypertensiveCount": 0.01108389608078154, "lagAntiHypertensiveCount": 0.008680745770012916, "meanLagStatin": 0.027111066620331806, "lagStatin": 0.02035577000288778, "meanLagAfib": 0.049954969215920846, "lagAfib": 0.039939042187020206, "meanLogLagDbp": 0.041484789611394256, "logLagDbp": 0.0399123100868396, "meanLogLagSbp": 0.07160901327304953, "logLagSbp": 0.059488956825712695, "age": 0.0004181721420605882, "gender": 0.010057066488308031, "meanLagBmi": 0.002061047572831736}, "residual_mean": 5.08183501710956e-13, "residual_standard_deviation": 2.0774602769185537}