{"parameters": {"Intercept": 2.052074516386938, "smokingStatus[T.1]": 0.0014692120069614845, "smokingStatus[T.2]": -0.25392778364590396, "raceEthnicity[T.3]": 0.18496931199625166, "raceEthnicity[T.4]": 0.28445152082221137, "raceEthnicity[T.5]": -0.0807011809474818, "meanLagA1c": -0.11297623286383163, "lagA1c": 0.04083175037520877, "meanLagHdl": 0.010964932038742228, "lagHdl": -0.008464773701969887, "meanLagTotChol": -0.014989437966772545, "lagTotChol": 0.010137876757944602, "meanLagLdl": 0.01673281199297144, "lagLdl": -0.01216877811619432, "meanLagTrig": 0.0015194327389431422, "lagTrig": -0.0013990773394632855, "meanLogLagDbp": 0.9255438114315542, "logLagDbp": 0.21696019896732288, "meanLogLagSbp": -1.5451525413089868, "logLagSbp": 0.08459363455516744, "age": 0.01070261049564536, "gender": 0.04841591620169572, "meanLagBmi": 1.0079089396301828}, "standard_errors": {"Intercept": 0.18687379200361812, "smokingStatus[T.1]": 0.011282557566390482, "smokingStatus[T.2]": 0.0153767896739673, "raceEthnicity[T.3]": 0.014605043277444215, "raceEthnicity[T.4]": 0.01669653635533826, "raceEthnicity[T.5]": 0.03512550638295102, "meanLagA1c": 0.007759794561213857, "lagA1c": 0.00627789058390741, "meanLagHdl": 0.002952275579106791, "lagHdl": 0.0013067807847486207, "meanLagTotChol": 0.0028961727185230417, "lagTotChol": 0.0011609610380452582, "meanLagLdl": 0.0028992749477552556, "lagLdl": 0.0011550055225492486, "meanLagTrig": 0.0005484793500707257, "lagTrig": 0.0002040885497206205, "meanLogLagDbp": 0.04449021869180279, "logLagDbp": 0.041767210522514704, "meanLogLagSbp": 0.07388097536102235, "logLagSbp": 0.062382060980805856, "age": 0.0003931239288092884, "gender": 0.009604775751668041, "meanLagBmi": 0.0009474882103219169}, "residual_mean": 5.414606196143753e-13, "residual_standard_deviation": 2.1794864444041084}