{"parameters": {"Intercept": 13.821725285095965, "smokingStatus[T.1]": -1.3173751902767776, "smokingStatus[T.2]": -2.202144032186766, "raceEthnicity[T.3]": 1.1061159076140763, "raceEthnicity[T.4]": 1.6602194732148308, "raceEthnicity[T.5]": 0.03799964627852148, "meanLagA1c": -0.2155717054784302, "lagA1c": 0.22722581256918117, "meanLagTotChol": 0.0082696495997161, "lagTotChol": -0.02998160566465308, "meanLagBmi": -0.30911388325442424, "lagBmi": 0.2811654496107677, "meanLagLdl": -0.0062008860661725285, "lagLdl": 0.03666408312579336, "meanLagTrig": -0.0017982178648187283, "lagTrig": 0.005754490835629799, "meanLogLagDbp": 6.060829920808228, "logLagDbp": -6.919988164480181, "meanLogLagSbp": -7.6982863506354775, "logLagSbp": 4.344418731509537, "age": 0.12782381160298328, "gender": 0.02686365022993309, "meanLagHdl": 1.0108100253856347}, "standard_errors": {"Intercept": 1.1735747726586243, "smokingStatus[T.1]": 0.0708820503036732, "smokingStatus[T.2]": 0.09662068329653768, "raceEthnicity[T.3]": 0.0917139994947382, "raceEthnicity[T.4]": 0.10487662148233926, "raceEthnicity[T.5]": 0.22057120826553173, "meanLagA1c": 0.04882349059944855, "lagA1c": 0.03950500143734006, "meanLagTotChol": 0.016822221869513983, "lagTotChol": 0.002322828329224411, "meanLagBmi": 0.01600727026657109, "lagBmi": 0.014880644380505044, "meanLagLdl": 0.016813299075540352, "lagLdl": 0.0019674350075402814, "meanLagTrig": 0.0032357064065905447, "lagTrig": 0.0005012579101497046, "meanLogLagDbp": 0.28018628536689305, "logLagDbp": 0.26255868247200526, "meanLogLagSbp": 0.4666163846499438, "logLagSbp": 0.39327640078287285, "age": 0.002500043629807133, "gender": 0.060311999533554275, "meanLagHdl": 0.016624055845978508}, "residual_mean": 9.732565888117524e-13, "residual_standard_deviation": 13.685671559594507}