{"coefficients": {"Intercept": 13.701517640846191, "smokingStatus[T.1]": -1.2719978509575216, "smokingStatus[T.2]": -2.1641197932513414, "raceEthnicity[T.3]": 1.089088814878461, "raceEthnicity[T.4]": 1.6508353196721044, "raceEthnicity[T.5]": 0.17600793395130232, "meanLagA1c": -0.3080073894316675, "lagA1c": 0.31140177180262596, "meanLagTotChol": -0.019583001616411355, "lagTotChol": -0.03829391202661954, "meanLagBmi": -0.27160587170911143, "lagBmi": 0.24177287580490558, "meanLagLdl": 0.0218288666313578, "lagLdl": 0.043855589373116774, "meanLagTrig": 0.003805457052472025, "lagTrig": 0.0070304151534440595, "meanLogLagDbp": 6.366791357175394, "logLagDbp": -6.9324580248991445, "meanLogLagSbp": -7.70488330460638, "logLagSbp": 4.160703866916979, "age": 0.12717974147497885, "gender": 0.060070719922051374, "meanLagHdl": 1.0464981723117148}, "coefficient_standard_errors": {"Intercept": 1.1741030425044654, "smokingStatus[T.1]": 0.07089944573584456, "smokingStatus[T.2]": 0.09661786729234466, "raceEthnicity[T.3]": 0.09180143809133982, "raceEthnicity[T.4]": 0.10486570943952273, "raceEthnicity[T.5]": 0.22061985377209078, "meanLagA1c": 0.04869199516360058, "lagA1c": 0.039271118862180494, "meanLagTotChol": 0.017586249089886073, "lagTotChol": 0.002383853850268759, "meanLagBmi": 0.016011530411409035, "lagBmi": 0.014886741726825954, "meanLagLdl": 0.017583820677308532, "lagLdl": 0.0020437151382325987, "meanLagTrig": 0.003390685537026044, "lagTrig": 0.0005338940753143639, "meanLogLagDbp": 0.2960013667957858, "logLagDbp": 0.26862527121417695, "meanLogLagSbp": 0.47102665557242307, "logLagSbp": 0.3959703363225602, "age": 0.0025001654119694576, "gender": 0.06032798408702896, "meanLagHdl": 0.01739465420999839}, "residual_mean": 8.194161085074357e-13, "residual_standard_deviation": 13.685089103681348}