{"coefficients": {"Intercept": 13.509061113775886, "smokingStatus[T.1]": 0.3321741903972528, "smokingStatus[T.2]": -0.21575608556126413, "raceEthnicity[T.3]": -0.01688255733057531, "raceEthnicity[T.4]": 0.2548029044684448, "raceEthnicity[T.5]": 0.46751545691723884, "meanLagA1c": -0.16046898777535096, "lagA1c": 0.09656255731465888, "meanLagTotChol": -0.018456445174121427, "lagTotChol": 0.008500569882806085, "meanLagBmi": 0.22492924320151597, "lagBmi": -0.09864160856951334, "meanLagLdl": 0.012710706328382004, "lagLdl": -0.0029311862431870145, "meanLagTrig": 0.003816079825506885, "lagTrig": 0.0007023567805254521, "meanLagWaist": -0.08151782809187347, "lagWaist": 0.021031650371220196, "meanLagAnyPhysicalActivity": 0.5373196394253679, "lagAnyPhysicalActivity": -0.15382693077699355, "meanLagAntiHypertensiveCount": -0.13212144135972936, "lagAntiHypertensiveCount": 0.1033141246300166, "meanLagStatin": -0.44880009025270073, "lagStatin": 0.5730239617890953, "meanLagAfib": -0.08419814924493085, "lagAfib": -0.7752062349831653, "meanLagAlcoholPerWeek": -0.0004354081358419991, "lagAlcoholPerWeek": 0.001715219935928219, "meanLogLagDbp": 2.1601393596002936, "logLagDbp": -1.7875354676154096, "meanLogLagSbp": -3.78921344584578, "logLagSbp": 0.6600011260051684, "age": 0.04074277852997457, "gender": -0.1458488953413104, "meanLagHdl": 1.010524819723651}, "coefficient_standard_errors": {"Intercept": 0.790093198331304, "smokingStatus[T.1]": 0.04506858518553985, "smokingStatus[T.2]": 0.061740118669212536, "raceEthnicity[T.3]": 0.058511280345879726, "raceEthnicity[T.4]": 0.06710214388770382, "raceEthnicity[T.5]": 0.1383719888717251, "meanLagA1c": 0.031382074329232346, "lagA1c": 0.02555482468267887, "meanLagTotChol": 0.016957058285854414, "lagTotChol": 0.0023465249237903333, "meanLagBmi": 0.015394204552302596, "lagBmi": 0.012632101661772248, "meanLagLdl": 0.01701991824240852, "lagLdl": 0.002261518347975889, "meanLagTrig": 0.0033337389687946514, "lagTrig": 0.0005932995667196645, "meanLagWaist": 0.005042268994601423, "lagWaist": 0.0038049214329530915, "meanLagAnyPhysicalActivity": 0.11145212555647055, "lagAnyPhysicalActivity": 0.09628741924280673, "meanLagAntiHypertensiveCount": 0.046143053067672225, "lagAntiHypertensiveCount": 0.03610873503864833, "meanLagStatin": 0.112634289577842, "lagStatin": 0.08444848230499412, "meanLagAfib": 0.20733303788831747, "lagAfib": 0.16577216281116178, "meanLagAlcoholPerWeek": 0.0004878145395590093, "lagAlcoholPerWeek": 0.00038623087235684875, "meanLogLagDbp": 0.17873623386800716, "logLagDbp": 0.16783527647935959, "meanLogLagSbp": 0.3000197475714926, "logLagSbp": 0.24812935052177687, "age": 0.0017605720227451534, "gender": 0.042006702258373635, "meanLagHdl": 0.016858857058998766}, "residual_mean": -9.230795916537071e-13, "residual_standard_deviation": 8.620628594431002}