{"coefficients": {"Intercept": 13.161416873430483, "smokingStatus[T.1]": 0.3514772722332884, "smokingStatus[T.2]": -0.18448999605985317, "raceEthnicity[T.3]": -0.012415936226469526, "raceEthnicity[T.4]": 0.2459514747671223, "raceEthnicity[T.5]": 0.42885760772371384, "meanLagA1c": -0.23403745031694007, "lagA1c": 0.1703949857816243, "meanLagTotChol": -0.09965864551463377, "lagTotChol": 0.008184920330575052, "meanLagBmi": 0.237584605382966, "lagBmi": -0.10654676697880683, "meanLagLdl": 0.09437755215384991, "lagLdl": -0.00288973250831117, "meanLagTrig": 0.020592423074271282, "lagTrig": -0.00011280212068076438, "meanLagWaist": -0.08351939713593204, "lagWaist": 0.021854727000335944, "meanLagAnyPhysicalActivity": 0.32292870004077034, "lagAnyPhysicalActivity": 0.08291469841858237, "meanLagAntiHypertensiveCount": -0.16627121061112238, "lagAntiHypertensiveCount": 0.14239615540067724, "meanLagStatin": -0.2830726200092082, "lagStatin": 0.3752028185472309, "meanLagAfib": 0.06844338367884362, "lagAfib": -0.9384074574729493, "meanLogLagDbp": 1.8530543992250585, "logLagDbp": -1.299286843984909, "meanLogLagSbp": -3.665713252930864, "logLagSbp": 0.4420312497751162, "age": 0.04134729827267211, "gender": -0.15713629734695012, "meanLagHdl": 1.0923098506173559}, "coefficient_standard_errors": {"Intercept": 0.7919071323763021, "smokingStatus[T.1]": 0.0452631371949283, "smokingStatus[T.2]": 0.061494622965114404, "raceEthnicity[T.3]": 0.058881909279812066, "raceEthnicity[T.4]": 0.06747678983853424, "raceEthnicity[T.5]": 0.1393192289604546, "meanLagA1c": 0.03166910314567605, "lagA1c": 0.02581882023220329, "meanLagTotChol": 0.016913043003434356, "lagTotChol": 0.002338359191454258, "meanLagBmi": 0.015783144940877136, "lagBmi": 0.013026825990373362, "meanLagLdl": 0.016969404028997735, "lagLdl": 0.002248423076704228, "meanLagTrig": 0.0033250097920467436, "lagTrig": 0.0005855031533721626, "meanLagWaist": 0.005125397804466548, "lagWaist": 0.0038804712995997503, "meanLagAnyPhysicalActivity": 0.11116574920293174, "lagAnyPhysicalActivity": 0.09564928983949214, "meanLagAntiHypertensiveCount": 0.04635470972367264, "lagAntiHypertensiveCount": 0.03631328510707929, "meanLagStatin": 0.11324017840544465, "lagStatin": 0.08499707189304512, "meanLagAfib": 0.20878595390208723, "lagAfib": 0.1669787707683904, "meanLogLagDbp": 0.17338690231882933, "logLagDbp": 0.16672004017795466, "meanLogLagSbp": 0.2995901615503755, "logLagSbp": 0.24884400631704318, "age": 0.0017499074149883134, "gender": 0.04202099728756627, "meanLagHdl": 0.016808708908736324}, "residual_mean": 6.659588574556101e-13, "residual_standard_deviation": 8.679755897216205}