{"parameters": {"Intercept": 31.76310158182787, "smokingStatus[T.1]": 6.847053645910982, "smokingStatus[T.2]": 7.928478595276941, "raceEthnicity[T.3]": -2.961153442898269, "raceEthnicity[T.4]": -4.3461002795445465, "raceEthnicity[T.5]": 3.4523425429305448, "meanLagA1c": 0.8736798890423254, "lagA1c": -0.9759528073688735, "meanLagHdl": -0.011936683931246472, "lagHdl": 0.041682670536244526, "meanLagTotChol": 0.03456388927484971, "lagTotChol": -0.028906051375871586, "meanLagBmi": 1.5091462221265428, "lagBmi": -1.4690714072793043, "meanLagTrig": -0.025447365755130055, "lagTrig": 0.018120558858685087, "meanLogLagDbp": -26.585170557576063, "logLagDbp": 21.241049527488492, "meanLogLagSbp": 20.912554362039522, "logLagSbp": -15.018138780337303, "age": -0.585441217780346, "gender": 0.9113764489904499, "meanLagLdl": 0.8842966815653529}, "standard_errors": {"Intercept": 3.0142978309895017, "smokingStatus[T.1]": 0.1820582296305619, "smokingStatus[T.2]": 0.24816863572606432, "raceEthnicity[T.3]": 0.23556476205030114, "raceEthnicity[T.4]": 0.2693733031242707, "raceEthnicity[T.5]": 0.5665305347769494, "meanLagA1c": 0.12534411926300149, "lagA1c": 0.10140372864877971, "meanLagHdl": 0.043092063423496994, "lagHdl": 0.005748457153252304, "meanLagTotChol": 0.04290183067900133, "lagTotChol": 0.0028082176478897583, "meanLagBmi": 0.04130723063675028, "lagBmi": 0.03842854690149237, "meanLagTrig": 0.008239615802175256, "lagTrig": 0.0006827984471271353, "meanLogLagDbp": 0.7197300548675136, "logLagDbp": 0.6744581636648687, "meanLogLagSbp": 1.19855429485615, "logLagSbp": 1.0101785904104295, "age": 0.0064213705197975245, "gender": 0.154909350287859, "meanLagLdl": 0.04290551142561589}, "residual_mean": 4.18357384882351e-13, "residual_standard_deviation": 35.151230088287186}