{"coefficients": {"Intercept": 41.41014514452911, "smokingStatus[T.1]": -1.6085434966436285, "smokingStatus[T.2]": -0.433646251723121, "raceEthnicity[T.3]": -2.3875358922229353, "raceEthnicity[T.4]": -2.5460012503105247, "raceEthnicity[T.5]": -1.3497185898632313, "meanLagA1c": 0.7590696819554682, "lagA1c": -0.53685511758871, "meanLagHdl": 0.22488598038837415, "lagHdl": -0.002608425545673431, "meanLagTotChol": -0.336064610545986, "lagTotChol": 0.01959410240559848, "meanLagBmi": -0.31927906521076244, "lagBmi": 0.020559483074420844, "meanLagTrig": 0.031257177576358, "lagTrig": 0.002012738799569879, "meanLagWaist": 0.2301085448157416, "lagWaist": -0.12397488659836689, "meanLagAnyPhysicalActivity": -0.12273061864077306, "lagAnyPhysicalActivity": -0.048760410930697495, "meanLagAntiHypertensiveCount": 1.733963609265361, "lagAntiHypertensiveCount": -1.3078164781838053, "meanLagStatin": 3.947232204034087, "lagStatin": -4.519848377134224, "meanLagAfib": 2.690590808160387, "lagAfib": -0.5976516667736699, "meanLogLagDbp": -13.596402432107837, "logLagDbp": 3.143287463919542, "meanLogLagSbp": 13.512154373244293, "logLagSbp": -7.452912383109798, "age": -0.18904521735607827, "gender": 1.155423309859117, "meanLagLdl": 1.236009705904884}, "coefficient_standard_errors": {"Intercept": 2.1772584868836096, "smokingStatus[T.1]": 0.12444611283490938, "smokingStatus[T.2]": 0.16907202282379744, "raceEthnicity[T.3]": 0.16188904028190002, "raceEthnicity[T.4]": 0.18551973717040035, "raceEthnicity[T.5]": 0.3830419624614088, "meanLagA1c": 0.08706822075098233, "lagA1c": 0.0709832853198683, "meanLagHdl": 0.04666939299997363, "lagHdl": 0.006540576631650932, "meanLagTotChol": 0.046123749746765905, "lagTotChol": 0.002556248106985315, "meanLagBmi": 0.04343568823803822, "lagBmi": 0.035862591568318364, "meanLagTrig": 0.009036839275165165, "lagTrig": 0.00083128354983068, "meanLagWaist": 0.014091656900302335, "lagWaist": 0.010669398824969853, "meanLagAnyPhysicalActivity": 0.30564100576458136, "lagAnyPhysicalActivity": 0.26298097881909666, "meanLagAntiHypertensiveCount": 0.12744982903629473, "lagAntiHypertensiveCount": 0.09984188697375412, "meanLagStatin": 0.31146308091868646, "lagStatin": 0.23384315886651733, "meanLagAfib": 0.5740290352852306, "lagAfib": 0.45908259008197605, "meanLogLagDbp": 0.476766810877214, "logLagDbp": 0.45845146158931227, "meanLogLagSbp": 0.8237260026381411, "logLagSbp": 0.6842273601797109, "age": 0.004810920358625817, "gender": 0.11553189469731738, "meanLagLdl": 0.04624271214467119}, "residual_mean": -6.679168137804303e-13, "residual_standard_deviation": 23.8639767402911}