{"coefficients": {"Intercept": 33.03959942831011, "smokingStatus[T.1]": 6.6724785186110775, "smokingStatus[T.2]": 7.806905784996208, "raceEthnicity[T.3]": -2.885959939038761, "raceEthnicity[T.4]": -4.2629253136141, "raceEthnicity[T.5]": 3.4028069811449395, "meanLagA1c": 0.7796938694498965, "lagA1c": -0.843299768412139, "meanLagHdl": -0.0703131692873431, "lagHdl": 0.04362513776574878, "meanLagTotChol": 0.0955111077761911, "lagTotChol": -0.03356293848083524, "meanLagBmi": 1.4741984598509736, "lagBmi": -1.4331057466549333, "meanLagTrig": -0.03655999411572167, "lagTrig": 0.017996190807599788, "meanLogLagDbp": -29.555685284335482, "logLagDbp": 23.227111591956533, "meanLogLagSbp": 22.299209367533074, "logLagSbp": -15.79520298868006, "age": -0.5875354418912058, "gender": 0.8668026505548898, "meanLagLdl": 0.8281936746218135}, "coefficient_standard_errors": {"Intercept": 3.0157621473560217, "smokingStatus[T.1]": 0.18210930214271054, "smokingStatus[T.2]": 0.24816961833858406, "raceEthnicity[T.3]": 0.23579794906180992, "raceEthnicity[T.4]": 0.26935458015260944, "raceEthnicity[T.5]": 0.5666761998261782, "meanLagA1c": 0.12503273928169198, "lagA1c": 0.100832600975281, "meanLagHdl": 0.045058388269770905, "lagHdl": 0.005766783658905762, "meanLagTotChol": 0.04485741570049716, "lagTotChol": 0.00279050511216182, "meanLagBmi": 0.04126194506058806, "lagBmi": 0.03838329330912649, "meanLagTrig": 0.008630203689304483, "lagTrig": 0.0007040065450505741, "meanLogLagDbp": 0.7603814213926864, "logLagDbp": 0.6900772252259817, "meanLogLagSbp": 1.209905851960186, "logLagSbp": 1.017133283964098, "age": 0.006421500635855655, "gender": 0.15495611438864013, "meanLagLdl": 0.04487641492148273}, "residual_mean": -1.2657629875939211e-12, "residual_standard_deviation": 35.1510266482379}