{"parameters": {"Intercept": 0.5053129013814299, "smokingStatus[T.1]": 0.014475243856832853, "smokingStatus[T.2]": 0.008520042561891705, "raceEthnicity[T.3]": -0.013742405777454836, "raceEthnicity[T.4]": -0.011282662010090039, "raceEthnicity[T.5]": -0.007703380942295723, "meanLagA1c": 0.0024419365108378777, "lagA1c": -0.002155241530520959, "meanLagHdl": -0.0004318693309242616, "lagHdl": 7.351881728508429e-05, "meanLagTotChol": 0.0005966828124461601, "lagTotChol": 6.916464656770213e-05, "meanLagBmi": 0.003526542136705082, "lagBmi": -0.0032828485774242452, "meanLagLdl": -0.0007699944976539592, "lagLdl": 0.00018245013845509094, "meanLagTrig": -8.183953089864102e-05, "lagTrig": 8.840133285531297e-06, "meanLogLagSbp": 0.3407350761836596, "logLagSbp": -0.026929347151262606, "age": -0.003651389044187183, "gender": -0.006178386547788212, "meanLogLagDbp": 0.5750736660002929}, "standard_errors": {"Intercept": 0.011778979658479105, "smokingStatus[T.1]": 0.0007118398802428638, "smokingStatus[T.2]": 0.0009713204617650647, "raceEthnicity[T.3]": 0.0009219220040836081, "raceEthnicity[T.4]": 0.0010543278933127038, "raceEthnicity[T.5]": 0.002217314136149425, "meanLagA1c": 0.0004909502741336726, "lagA1c": 0.00039730143676101605, "meanLagHdl": 0.000186706861869619, "lagHdl": 8.318888232305115e-05, "meanLagTotChol": 0.00018297856038298923, "lagTotChol": 7.355505387777649e-05, "meanLagBmi": 0.00016190849276083577, "lagBmi": 0.00015069310254030933, "meanLagLdl": 0.00018315064060215206, "lagLdl": 7.313798934102577e-05, "meanLagTrig": 3.4626888329189413e-05, "lagTrig": 1.2889993940777771e-05, "meanLogLagSbp": 0.004498278461935213, "logLagSbp": 0.0033671185028948288, "age": 2.4421462268728164e-05, "gender": 0.0006062290330747801, "meanLogLagDbp": 0.002218417895709099}, "residual_mean": 7.605704398603476e-14, "residual_standard_deviation": 0.13758370273458126}