{"coefficients": {"Intercept": 0.4413905028234275, "smokingStatus[T.1]": 0.0154123004190172, "smokingStatus[T.2]": 0.010185679822835997, "raceEthnicity[T.3]": -0.012832168193817273, "raceEthnicity[T.4]": -0.012831431677653438, "raceEthnicity[T.5]": -0.004564011429557868, "meanLagA1c": 0.0021197000743475164, "lagA1c": -0.0017199856616668154, "meanLagHdl": -0.0001031837723462492, "lagHdl": -7.548119784273619e-05, "meanLagTotChol": 0.0003068061725008432, "lagTotChol": 0.00021018128265068957, "meanLagBmi": 0.0037777716185608892, "lagBmi": -0.003532809561445825, "meanLagLdl": -0.000502619998357115, "lagLdl": 4.672490900937921e-05, "meanLagTrig": -2.2381976647356874e-05, "lagTrig": -1.8430831751296714e-05, "meanLogLagSbp": 0.31148946732950944, "logLagSbp": -0.02237413460864269, "age": -0.0035207150576437862, "gender": -0.005500983380145541, "meanLogLagDbp": 0.614625367374368}, "coefficient_standard_errors": {"Intercept": 0.011698297642705247, "smokingStatus[T.1]": 0.0007061813034444312, "smokingStatus[T.2]": 0.0009635189490545483, "raceEthnicity[T.3]": 0.0009154931575321082, "raceEthnicity[T.4]": 0.0010458129869729623, "raceEthnicity[T.5]": 0.0022002369477194146, "meanLagA1c": 0.00048578736976487866, "lagA1c": 0.00039187343095994795, "meanLagHdl": 0.00019832914056272665, "lagHdl": 9.606900722494248e-05, "meanLagTotChol": 0.00019461897497409435, "lagTotChol": 8.754980199770655e-05, "meanLagBmi": 0.00016024606978862452, "lagBmi": 0.00014910592161775617, "meanLagLdl": 0.00019494781081990953, "lagLdl": 8.74622877498318e-05, "meanLagTrig": 3.6966441936424276e-05, "lagTrig": 1.584623432820621e-05, "meanLogLagSbp": 0.004474807099210374, "logLagSbp": 0.0033412221470640793, "age": 2.4289798550059645e-05, "gender": 0.0006016014666911881, "meanLogLagDbp": 0.0022774605621159695}, "residual_mean": 6.364701315116163e-14, "residual_standard_deviation": 0.13648460440442653}