{"coefficients": {"Intercept": 0.5475938271836185, "smokingStatus[T.1]": 0.012172741248143215, "smokingStatus[T.2]": 0.006232921346750131, "raceEthnicity[T.3]": -0.0146542290331102, "raceEthnicity[T.4]": -0.006497240621684663, "raceEthnicity[T.5]": -0.0052192682513152455, "meanLagA1c": 0.0012365278799301403, "lagA1c": -0.002480388105543984, "meanLagHdl": 0.00043270634845456526, "lagHdl": 2.6290290007513657e-05, "meanLagTotChol": -0.00037955237942994755, "lagTotChol": 0.00024334701104949832, "meanLagBmi": -0.0035180906055888583, "lagBmi": -0.001260097949513028, "meanLagLdl": 0.0002456146113562589, "lagLdl": 7.889947377943767e-05, "meanLagTrig": 4.434402280501307e-05, "lagTrig": -1.6251292837955874e-05, "meanLagWaist": 0.002999904270922449, "lagWaist": -0.0008213352464716331, "meanLagAnyPhysicalActivity": -0.012778095082516372, "lagAnyPhysicalActivity": -0.0028551005976712785, "meanLagAntiHypertensiveCount": 0.013396037880031103, "lagAntiHypertensiveCount": -0.013407046861801303, "meanLagStatin": -0.0035290674859472793, "lagStatin": 0.000773566843568739, "meanLagAfib": 0.022178304403719512, "lagAfib": 0.0035322954916667693, "meanLagAlcoholPerWeek": -9.176380276261292e-05, "lagAlcoholPerWeek": 2.0210331465534332e-05, "meanLogLagSbp": 0.31805070947392977, "logLagSbp": -0.028486031460179598, "age": -0.004053557367374802, "gender": 0.0036635597027676603, "meanLogLagDbp": 0.5839788418605165}, "coefficient_standard_errors": {"Intercept": 0.01244674598282006, "smokingStatus[T.1]": 0.0007104697820403241, "smokingStatus[T.2]": 0.0009744154752024042, "raceEthnicity[T.3]": 0.0009234503218518462, "raceEthnicity[T.4]": 0.0010589583213741996, "raceEthnicity[T.5]": 0.002183863504922543, "meanLagA1c": 0.0004953144647094651, "lagA1c": 0.000403306878011963, "meanLagHdl": 0.0003242340787699416, "lagHdl": 0.00018531536193182012, "meanLagTotChol": 0.00031867685786746294, "lagTotChol": 0.00017693625085192743, "meanLagBmi": 0.0002432274102585433, "lagBmi": 0.00019968689030532696, "meanLagLdl": 0.00031955942542512516, "lagLdl": 0.00017675030943315598, "meanLagTrig": 6.169573176755486e-05, "lagTrig": 3.355306908179027e-05, "meanLagWaist": 7.946696583293497e-05, "lagWaist": 6.0050828842935525e-05, "meanLagAnyPhysicalActivity": 0.0017588210136094504, "lagAnyPhysicalActivity": 0.001519598330022304, "meanLagAntiHypertensiveCount": 0.0007275187010709266, "lagAntiHypertensiveCount": 0.0005681579310629626, "meanLagStatin": 0.0017792250100642105, "lagStatin": 0.001334911772031902, "meanLagAfib": 0.003272207591265666, "lagAfib": 0.0026157271737990502, "meanLagAlcoholPerWeek": 7.699133363573632e-06, "lagAlcoholPerWeek": 6.0961098615860266e-06, "meanLogLagSbp": 0.004515812364384932, "logLagSbp": 0.003325742310914583, "age": 2.6966495373486645e-05, "gender": 0.0006629549740309544, "meanLogLagDbp": 0.0021544098446047806}, "residual_mean": 1.2562070457938022e-14, "residual_standard_deviation": 0.13605564295307723}