{"coefficients": {"Intercept": 0.5976695851448603, "smokingStatus[T.1]": 0.01144813165280778, "smokingStatus[T.2]": 0.004301737043300113, "raceEthnicity[T.3]": -0.014505202730441424, "raceEthnicity[T.4]": -0.007137736193431166, "raceEthnicity[T.5]": -0.004962406741536696, "meanLagA1c": 0.00036976028961144963, "lagA1c": -0.0019522320678906045, "meanLagHdl": 0.0009619555916677708, "lagHdl": 0.00021898400025663724, "meanLagTotChol": -0.0009343930513429979, "lagTotChol": 3.630569110508542e-05, "meanLagBmi": -0.0032233235309264974, "lagBmi": -0.0014307189788135932, "meanLagLdl": 0.00083065270671678, "lagLdl": 0.00027725308800212066, "meanLagTrig": 0.00014093184003493566, "lagTrig": 2.899180089672346e-05, "meanLagWaist": 0.0029697997662335024, "lagWaist": -0.0007898073447910839, "meanLagAnyPhysicalActivity": -0.015014851520040118, "lagAnyPhysicalActivity": -0.0015851913731002578, "meanLagAntiHypertensiveCount": 0.013937589064856926, "lagAntiHypertensiveCount": -0.014197110104587529, "meanLagStatin": -0.005143747704028145, "lagStatin": 0.0021896681373612067, "meanLagAfib": 0.022260981216435077, "lagAfib": 0.0022718010242501674, "meanLogLagSbp": 0.32719276117081963, "logLagSbp": -0.02575041541605618, "age": -0.004088780108364512, "gender": 0.004113368638139658, "meanLogLagDbp": 0.5592920710787372}, "coefficient_standard_errors": {"Intercept": 0.012448445073211672, "smokingStatus[T.1]": 0.0007122811222649613, "smokingStatus[T.2]": 0.0009688333253754926, "raceEthnicity[T.3]": 0.0009276692797542582, "raceEthnicity[T.4]": 0.0010630220533365531, "raceEthnicity[T.5]": 0.0021949459378104398, "meanLagA1c": 0.0004989502601691144, "lagA1c": 0.0004067589921553714, "meanLagHdl": 0.0003151722410931606, "lagHdl": 0.00017093761079118198, "meanLagTotChol": 0.0003095878136280786, "lagTotChol": 0.00016188810605086794, "meanLagBmi": 0.00024898443829773106, "lagBmi": 0.00020561044765755868, "meanLagLdl": 0.00031036253248952595, "lagLdl": 0.00016158653958097186, "meanLagTrig": 5.9913881884860704e-05, "lagTrig": 3.050689018499933e-05, "meanLagWaist": 8.064831374866457e-05, "lagWaist": 6.113810349327529e-05, "meanLagAnyPhysicalActivity": 0.0017512239244884336, "lagAnyPhysicalActivity": 0.0015068761118240126, "meanLagAntiHypertensiveCount": 0.0007297274786379983, "lagAntiHypertensiveCount": 0.0005704960895219902, "meanLagStatin": 0.0017855732447649053, "lagStatin": 0.0013411985105868664, "meanLagAfib": 0.0032893085348454205, "lagAfib": 0.002630093014114441, "meanLogLagSbp": 0.004522679052578543, "logLagSbp": 0.0033472481138143904, "age": 2.6668745186649545e-05, "gender": 0.0006620285500375351, "meanLogLagDbp": 0.0021113385432135726}, "residual_mean": -8.473702420737184e-15, "residual_standard_deviation": 0.13674790221069502}