{"parameters": {"Intercept": 0.1075004485033837, "smokingStatus[T.1]": 0.0033250111017836814, "smokingStatus[T.2]": 0.00338410544249107, "raceEthnicity[T.3]": -0.002911515914965579, "raceEthnicity[T.4]": -0.003921128220624015, "raceEthnicity[T.5]": -0.0007689005176771402, "meanLagA1c": 0.001453145380940546, "lagA1c": 3.596126577826153e-05, "meanLagHdl": -9.223068194985987e-05, "lagHdl": 0.00016035795304399861, "meanLagTotChol": 6.0927243636831746e-05, "lagTotChol": -6.384630401930712e-05, "meanLagBmi": 0.000888135113209846, "lagBmi": -0.0010716074658085328, "meanLagLdl": -2.0114457025342813e-05, "lagLdl": 0.00010796532722575562, "meanLagTrig": -8.573978572751911e-06, "lagTrig": 1.988944468205188e-05, "meanLogLagDbp": -0.011547938841637073, "logLagDbp": 0.0010199880463470645, "age": -0.00017523504060181633, "gender": 0.0020142397774464693, "meanLogLagSbp": 0.9859436047113973}, "standard_errors": {"Intercept": 0.008041379138403141, "smokingStatus[T.1]": 0.0004859074191307278, "smokingStatus[T.2]": 0.0006623546417323203, "raceEthnicity[T.3]": 0.0006287094929016914, "raceEthnicity[T.4]": 0.0007189515066760333, "raceEthnicity[T.5]": 0.0015120352031852682, "meanLagA1c": 0.0003347765517056098, "lagA1c": 0.0002709262933366391, "meanLagHdl": 0.00012731507160379735, "lagHdl": 5.673087726270354e-05, "meanLagTotChol": 0.0001247754323203046, "lagTotChol": 5.017555053560129e-05, "meanLagBmi": 0.0001101389011193759, "lagBmi": 0.00010247084788854925, "meanLagLdl": 0.00012488979033012165, "lagLdl": 4.9873387657006764e-05, "meanLagTrig": 2.3611900426873824e-05, "lagTrig": 8.78972929839455e-06, "meanLogLagDbp": 0.0018164117301264517, "logLagDbp": 0.0015329963084066373, "age": 1.7029431909181738e-05, "gender": 0.00041342586016700087, "meanLogLagSbp": 0.0020712271236714226}, "residual_mean": 8.17761267721634e-14, "residual_standard_deviation": 0.09381784999582261}