{"coefficients": {"Intercept": 0.10071091113201902, "smokingStatus[T.1]": 0.0027614090404633473, "smokingStatus[T.2]": 0.0031676259944317664, "raceEthnicity[T.3]": -0.003016247414960982, "raceEthnicity[T.4]": -0.004231150358000979, "raceEthnicity[T.5]": -0.0008708122624337955, "meanLagA1c": 0.0016113008988905692, "lagA1c": 2.486054220855044e-05, "meanLagHdl": 5.12588723695466e-05, "lagHdl": 3.815960923455339e-06, "meanLagTotChol": -6.240669749080566e-05, "lagTotChol": 7.934384911373825e-05, "meanLagBmi": 0.00087764609562406, "lagBmi": -0.0010641866958025561, "meanLagLdl": 0.00010440645442372914, "lagLdl": -3.3390207983039974e-05, "meanLagTrig": 1.1578480418356941e-05, "lagTrig": -4.61149345611252e-06, "meanLogLagDbp": -0.01128652936291541, "logLagDbp": 0.0013174932703852171, "age": -0.00016990417276492586, "gender": 0.002158604275282805, "meanLogLagSbp": 0.9865160349945532}, "coefficient_standard_errors": {"Intercept": 0.00804096005889142, "smokingStatus[T.1]": 0.00048567705914992026, "smokingStatus[T.2]": 0.0006618754668848325, "raceEthnicity[T.3]": 0.000628885086978504, "raceEthnicity[T.4]": 0.0007183864646503246, "raceEthnicity[T.5]": 0.001511355262027206, "meanLagA1c": 0.0003336802807182036, "lagA1c": 0.00026917926677359863, "meanLagHdl": 0.00013623511213107869, "lagHdl": 6.599687561869297e-05, "meanLagTotChol": 0.0001336920938512337, "lagTotChol": 6.0158972311258616e-05, "meanLagBmi": 0.00010981156700624854, "lagBmi": 0.00010213847640039003, "meanLagLdl": 0.0001339101021944211, "lagLdl": 6.007935925690918e-05, "meanLagTrig": 2.5392195209769573e-05, "lagTrig": 1.0885000791313836e-05, "meanLogLagDbp": 0.0019061217580950652, "logLagDbp": 0.0015571470924230079, "age": 1.7023411504868496e-05, "gender": 0.0004132621506908599, "meanLogLagSbp": 0.0020743723021197755}, "residual_mean": 2.097405114476466e-14, "residual_standard_deviation": 0.09375034419664773}