{"coefficients": {"Intercept": 0.09074963571678651, "smokingStatus[T.1]": 0.0022186557042296884, "smokingStatus[T.2]": 0.0020754986664305863, "raceEthnicity[T.3]": -0.003200767975805263, "raceEthnicity[T.4]": -0.0015071364023375722, "raceEthnicity[T.5]": 0.0030282646782144873, "meanLagA1c": 0.00043789407900847455, "lagA1c": 0.00016821929076327158, "meanLagHdl": 0.0005365704286178843, "lagHdl": 8.891041307376637e-05, "meanLagTotChol": -0.000562775468803782, "lagTotChol": 2.678037822536304e-05, "meanLagBmi": -0.0007397373313050432, "lagBmi": -0.0006091588002271574, "meanLagLdl": 0.0005923457822642857, "lagLdl": 5.8275204713641865e-05, "meanLagTrig": 0.00010073878970890543, "lagTrig": 2.617329579353723e-06, "meanLagWaist": 0.0007097033256376339, "lagWaist": -0.00016712155202633014, "meanLagAnyPhysicalActivity": -0.003218726886892953, "lagAnyPhysicalActivity": 0.00016509726644408414, "meanLagAntiHypertensiveCount": 0.0065556425504748606, "lagAntiHypertensiveCount": -0.007297438972199616, "meanLagStatin": -0.0016055116988448193, "lagStatin": 0.003484478036191412, "meanLagAfib": 0.010368574295602062, "lagAfib": -0.011975409124144621, "meanLogLagDbp": -0.0023243410370068496, "logLagDbp": -0.0011810197263455446, "age": -0.00040289043269719355, "gender": 0.005159622117256846, "meanLogLagSbp": 0.9814430668296893}, "coefficient_standard_errors": {"Intercept": 0.008484924275719754, "smokingStatus[T.1]": 0.0004852332931313129, "smokingStatus[T.2]": 0.0006592793325634435, "raceEthnicity[T.3]": 0.0006312730582262025, "raceEthnicity[T.4]": 0.0007233951257363595, "raceEthnicity[T.5]": 0.0014936414911654503, "meanLagA1c": 0.00033953260160806965, "lagA1c": 0.0002768055328061084, "meanLagHdl": 0.00021450569371919679, "lagHdl": 0.00011635211406012583, "meanLagTotChol": 0.0002107098200176301, "lagTotChol": 0.00011020428635409437, "meanLagBmi": 0.00016935717941467696, "lagBmi": 0.00013975647482398723, "meanLagLdl": 0.00021122585709824646, "lagLdl": 0.00010997893906182633, "meanLagTrig": 4.077394494081549e-05, "lagTrig": 2.0762091657473673e-05, "meanLagWaist": 5.493214380574051e-05, "lagWaist": 4.1603198737991716e-05, "meanLagAnyPhysicalActivity": 0.0011918216261721545, "lagAnyPhysicalActivity": 0.0010253255013500287, "meanLagAntiHypertensiveCount": 0.0004963423241629175, "lagAntiHypertensiveCount": 0.00038881988982661885, "meanLagStatin": 0.0012151496496101359, "lagStatin": 0.0009126171151724066, "meanLagAfib": 0.0022381581214545644, "lagAfib": 0.0017896857529431803, "meanLogLagDbp": 0.001750437080913044, "logLagDbp": 0.001526459113592733, "age": 1.864053789041059e-05, "gender": 0.00045050686608062317, "meanLogLagSbp": 0.0020938170163070542}, "residual_mean": 4.2493327000857654e-14, "residual_standard_deviation": 0.09305569070108617}