{"coefficients": {"raceEthnicity[T.2]": -0.10078252543780895, "raceEthnicity[T.3]": 0.1925205632988599, "raceEthnicity[T.4]": 0.29459186461248305, "raceEthnicity[T.5]": -0.13019661575268285, "smokingStatus[T.1]": 0.18689026998988062, "smokingStatus[T.2]": 0.7442476330808234, "age": 0.08224895560641765, "a1c": 0.09922997014796431, "bmi": -0.01579935371807816, "gender": -0.250240801458143, "hdl": -0.0010224527025861326, "ldl": -0.0005073342671635975, "mi": 0.4021965881197585, "stroke": 0.4993445618120317, "totChol": -0.0006681769528396637, "trig": 0.00021045417040366357, "meanSbp": 0.005725479012983516, "meanDbp": -0.005003844229544852}, "coefficient_standard_errors": {"raceEthnicity[T.2]": 0.10045972933474573, "raceEthnicity[T.3]": 0.05020006404275292, "raceEthnicity[T.4]": 0.05948574757402109, "raceEthnicity[T.5]": 0.11634992679624108, "smokingStatus[T.1]": 0.03852595643073461, "smokingStatus[T.2]": 0.04891648555821304, "age": 0.0016333859899593062, "a1c": 0.013679856908845383, "bmi": 0.0032737441844219056, "gender": 0.037698120776093955, "hdl": 0.0015962307327530472, "ldl": 0.0015372180897684276, "mi": 0.0485835666498666, "stroke": 0.05026273419201346, "totChol": 0.001454828157869507, "trig": 0.00015160974638363993, "meanSbp": 0.0007657619431802009, "meanDbp": 0.0010102889743924905}, "residual_mean": 0.008245026000825028, "residual_standard_deviation": 0}