{"coefficients": {"raceEthnicity[T.2]": -0.05375222280427644, "raceEthnicity[T.3]": 0.13694665552183424, "raceEthnicity[T.4]": 0.2792869295161677, "raceEthnicity[T.5]": -0.08546385831298188, "smokingStatus[T.1]": 0.31449012971556806, "smokingStatus[T.2]": 0.9355343374040946, "baseAge": 0.03235286157342756, "squareBaseAge": 0.00040044734328779366, "a1c": 0.13222151406328136, "bmi": -0.015998843612751643, "gender": -0.2745091240781765, "hdl": -0.002239283528773149, "ldl": -0.00014041850688249007, "mi": 0.5089534804250871, "stroke": 0.3759404451549519, "totChol": -0.0006339792316473223, "trig": 0.00010782905267267391, "meanSbp": 0.004287528687861834, "meanDbp": -0.0026698358529959583}, "coefficient_standard_errors": {"raceEthnicity[T.2]": 0.12396968412934611, "raceEthnicity[T.3]": 0.06305557734210077, "raceEthnicity[T.4]": 0.07449947970867246, "raceEthnicity[T.5]": 0.14821771399169312, "smokingStatus[T.1]": 0.04946521722836275, "smokingStatus[T.2]": 0.061378320777403954, "baseAge": 0.010989337398706122, "squareBaseAge": 8.941889151653365e-05, "a1c": 0.01662948138490932, "bmi": 0.004177810273620997, "gender": 0.04778336014379365, "hdl": 0.0020346397206490547, "ldl": 0.0019433569488979683, "mi": 0.059436831491733386, "stroke": 0.06586515059177511, "totChol": 0.0018436073584366943, "trig": 0.00019225368133676642, "meanSbp": 0.0009844715140241906, "meanDbp": 0.0013329856704986333}, "residual_mean": 9.049859443549624e-05, "residual_standard_deviation": 1.0146423592547353e-05}