{"coefficients": {"raceEthnicity[T.2]": -0.07493843570816133, "raceEthnicity[T.3]": 0.1519482168432249, "raceEthnicity[T.4]": 0.3041845543363929, "raceEthnicity[T.5]": -0.02421888238816639, "smokingStatus[T.1]": 0.21521470994553413, "smokingStatus[T.2]": 0.8039145044969401, "baseAge": 0.008635535995035396, "squareBaseAge": 0.0006009989856898547, "a1c": 0.11810512274116573, "bmi": -0.011225811453925797, "gender": -0.25921408493063447, "hdl": -0.00014496324981735047, "ldl": 2.9107806693768725e-05, "mi": 0.39564573276244375, "stroke": 0.48472225252982093, "totChol": -0.0012792337861628656, "trig": 0.0001947476035165846, "meanSbp": 0.004851906630079768, "meanDbp": -0.003753030628585937}, "coefficient_standard_errors": {"raceEthnicity[T.2]": 0.10044121155516594, "raceEthnicity[T.3]": 0.050489885346210475, "raceEthnicity[T.4]": 0.05946559893360522, "raceEthnicity[T.5]": 0.11621156819111099, "smokingStatus[T.1]": 0.03873671379292147, "smokingStatus[T.2]": 0.04936122883109311, "baseAge": 0.008307429889827921, "squareBaseAge": 6.821524194624899e-05, "a1c": 0.01360430128206302, "bmi": 0.003276957188669015, "gender": 0.0377248310777004, "hdl": 0.0016029762665231355, "ldl": 0.001544239824601101, "mi": 0.04866249264271922, "stroke": 0.050357016173194144, "totChol": 0.0014637205725708125, "trig": 0.0001530985486492245, "meanSbp": 0.0007715369310949505, "meanDbp": 0.0010278962016294978}, "residual_mean": 0.00024966806596557625, "residual_standard_deviation": 3.1201311914011196e-05}