{"coefficients": {"raceEthnicity[T.2]": -0.058418277307944244, "raceEthnicity[T.3]": 0.13868968785418467, "raceEthnicity[T.4]": 0.27143069397040165, "raceEthnicity[T.5]": -0.08668546289002434, "smokingStatus[T.1]": 0.3120916078501373, "smokingStatus[T.2]": 0.9454328639746762, "baseAge": 0.03200485459170293, "squareBaseAge": 0.00040174812621340805, "a1c": 0.13366397012776407, "bmi": -0.013025017680791229, "gender": -0.2831490373508015, "hdl": -0.0034092071364042846, "ldl": -0.003797936581379952, "mi": 0.49630987210261945, "stroke": 0.38560606938086, "totChol": 0.002165587279455908, "trig": 1.7385451260363705e-05, "meanSbp": 0.004149556915970599, "meanDbp": -0.003468319853462986}, "coefficient_standard_errors": {"raceEthnicity[T.2]": 0.12402647344006308, "raceEthnicity[T.3]": 0.06303332895154916, "raceEthnicity[T.4]": 0.07442525215021736, "raceEthnicity[T.5]": 0.14822868370012543, "smokingStatus[T.1]": 0.04946725111262863, "smokingStatus[T.2]": 0.06140184077016425, "baseAge": 0.010957089017297483, "squareBaseAge": 8.913999176596471e-05, "a1c": 0.0163297039823182, "bmi": 0.004122350813462437, "gender": 0.04777687744831988, "hdl": 0.0019926788902651822, "ldl": 0.0018420559379652669, "mi": 0.05944045613943118, "stroke": 0.06575347223177817, "totChol": 0.0017378367019674748, "trig": 0.0002107046765028908, "meanSbp": 0.0009785607286264249, "meanDbp": 0.0013052591151645383}, "residual_mean": 8.599515809492188e-05, "residual_standard_deviation": 9.91259057173838e-06}