{"coefficients": {"Intercept": 0.24531135674534368, "smokingStatus[T.1]": 0.0038147687475013296, "smokingStatus[T.2]": -0.000830915223709406, "raceEthnicity[T.3]": 0.0057335450015627495, "raceEthnicity[T.4]": 0.008233019136829358, "raceEthnicity[T.5]": 0.021321114302738097, "meanLagA1c": -0.01042259335052601, "lagA1c": 0.0094636983735205, "meanLagHdl": -0.0036203930841459987, "lagHdl": 0.0032536033659342433, "meanLagTotChol": 0.003100111156098073, "lagTotChol": -0.002950301311699227, "meanLagBmi": 0.0011130519893614414, "lagBmi": 0.003720135030600831, "meanLagLdl": -0.0015603371271431538, "lagLdl": 0.0015902143408841034, "meanLagTrig": -0.00020108877386624096, "lagTrig": 0.0002273830612745834, "meanLagWaist": -0.003520660240089034, "lagWaist": 0.0015708833597749398, "meanLagAnyPhysicalActivity": 0.02027855967542739, "lagAnyPhysicalActivity": -0.002437903141840586, "meanLagAntiHypertensiveCount": -0.05224354659706936, "lagAntiHypertensiveCount": 0.0563180277306262, "meanLagAfib": -0.06958249995477488, "lagAfib": 0.0354107084573727, "meanLagAlcoholPerWeek": 6.48553410938426e-05, "lagAlcoholPerWeek": -1.3198220046020042e-05, "meanLogLagDbp": 0.09559495664655225, "logLagDbp": -0.05107819991637624, "meanLogLagSbp": -0.14544796891138875, "logLagSbp": 0.04338000305775369, "age": 0.0017279018989479812, "gender": -0.009941179337898095, "meanLagStatin": 1.0108137118705764}, "coefficient_standard_errors": {"Intercept": 0.022086089049362313, "smokingStatus[T.1]": 0.0012597892975585306, "smokingStatus[T.2]": 0.0017258689543915298, "raceEthnicity[T.3]": 0.001635595739116567, "raceEthnicity[T.4]": 0.001875735400424288, "raceEthnicity[T.5]": 0.0038680183306257438, "meanLagA1c": 0.0008768339206665791, "lagA1c": 0.0007138908468726254, "meanLagHdl": 0.0005740403189537901, "lagHdl": 0.00032780675260258625, "meanLagTotChol": 0.0005641637563614883, "lagTotChol": 0.0003128902968766705, "meanLagBmi": 0.00043072923662321357, "lagBmi": 0.00035345960105124147, "meanLagLdl": 0.0005658776241818136, "lagLdl": 0.0003128220082444314, "meanLagTrig": 0.00010926194240953109, "lagTrig": 5.940539973093397e-05, "meanLagWaist": 0.00014083906994093813, "lagWaist": 0.00010630054982922083, "meanLagAnyPhysicalActivity": 0.003115483965594886, "lagAnyPhysicalActivity": 0.002691591231627179, "meanLagAntiHypertensiveCount": 0.0012787472126745284, "lagAntiHypertensiveCount": 0.0009957799346824378, "meanLagAfib": 0.005795594205364585, "lagAfib": 0.004633893875072686, "meanLagAlcoholPerWeek": 1.3636701855159295e-05, "lagAlcoholPerWeek": 1.0797297536893822e-05, "meanLogLagDbp": 0.004996342847413431, "logLagDbp": 0.0046929987195102885, "meanLogLagSbp": 0.008385314071328654, "logLagSbp": 0.00693613597883058, "age": 4.9160158170728634e-05, "gender": 0.0011742252934068336, "meanLagStatin": 0.00208960320246469}, "residual_mean": -1.1995491757642873e-14, "residual_standard_deviation": 0.24097907285556155}