{"coefficients": {"Intercept": 0.22630196644733008, "smokingStatus[T.1]": 0.004188691573567221, "smokingStatus[T.2]": 0.00086135980873668, "raceEthnicity[T.3]": 0.005598340364956577, "raceEthnicity[T.4]": 0.007968356440189017, "raceEthnicity[T.5]": 0.021708004906362766, "meanLagA1c": -0.009889212624730803, "lagA1c": 0.008914819756389955, "meanLagHdl": -0.0038730829768514135, "lagHdl": 0.0033039026934136976, "meanLagTotChol": 0.003451371452865656, "lagTotChol": -0.0030699281406727295, "meanLagBmi": 0.0009652248912932902, "lagBmi": 0.003683477155798745, "meanLagLdl": -0.0019119240013004022, "lagLdl": 0.0017057954463344839, "meanLagTrig": -0.0002673301606759995, "lagTrig": 0.00024520607636698254, "meanLagWaist": -0.00377142728009235, "lagWaist": 0.0019123783040314044, "meanLagAnyPhysicalActivity": 0.021260573171601568, "lagAnyPhysicalActivity": -0.004079635965717051, "meanLagAntiHypertensiveCount": -0.051845491586252186, "lagAntiHypertensiveCount": 0.05584891179142126, "meanLagAfib": -0.06609154570425693, "lagAfib": 0.03255319905763197, "meanLogLagDbp": 0.08745840847609243, "logLagDbp": -0.04285602071501766, "meanLogLagSbp": -0.13397105216234773, "logLagSbp": 0.03674628747485855, "age": 0.001630160875331808, "gender": -0.010738996070073408, "meanLagStatin": 1.0092163615292753}, "coefficient_standard_errors": {"Intercept": 0.021975318325709543, "smokingStatus[T.1]": 0.0012559924867583659, "smokingStatus[T.2]": 0.001706464904963185, "raceEthnicity[T.3]": 0.0016339474644753995, "raceEthnicity[T.4]": 0.001872448479280827, "raceEthnicity[T.5]": 0.003866083296177572, "meanLagA1c": 0.0008783578420818458, "lagA1c": 0.0007159574876749797, "meanLagHdl": 0.0005549874794215438, "lagHdl": 0.0003007266872830029, "meanLagTotChol": 0.0005451031598061519, "lagTotChol": 0.0002846871012934818, "meanLagBmi": 0.0004384208555437829, "lagBmi": 0.0003618628764328637, "meanLagLdl": 0.0005466058434942951, "lagLdl": 0.0002844164230372735, "meanLagTrig": 0.00010552520231316515, "lagTrig": 5.371503129593898e-05, "meanLagWaist": 0.00014212216045904487, "lagWaist": 0.00010762189915289303, "meanLagAnyPhysicalActivity": 0.003084769175886948, "lagAnyPhysicalActivity": 0.002654237372838739, "meanLagAntiHypertensiveCount": 0.0012754131884785862, "lagAntiHypertensiveCount": 0.0009943766297308952, "meanLagAfib": 0.005793685015520326, "lagAfib": 0.004633605603592828, "meanLogLagDbp": 0.004811920333075546, "logLagDbp": 0.004628190694064364, "meanLogLagSbp": 0.008312549160632753, "logLagSbp": 0.0069057288325329955, "age": 4.851343590426599e-05, "gender": 0.001166045705862152, "meanLagStatin": 0.0020820818857170812}, "residual_mean": 8.289548300661104e-15, "residual_standard_deviation": 0.24086168324741025}