{"parameters": {"Intercept": 39.515066222522364, "smokingStatus[T.1]": 3.8077597498914564, "smokingStatus[T.2]": 3.7657804597668285, "raceEthnicity[T.3]": 0.09018511335867174, "raceEthnicity[T.4]": -0.7039776628853684, "raceEthnicity[T.5]": 2.4757643936794906, "meanLagA1c": 0.5618062922065623, "lagA1c": -0.619184348846404, "meanLagHdl": 0.0729332989599345, "lagHdl": 0.03542116784147108, "meanLagBmi": 0.4513780651235173, "lagBmi": -0.46980523478760783, "meanLagLdl": -0.0371798104877481, "lagLdl": 0.006705285099995621, "meanLagTrig": 0.0026663823986176755, "lagTrig": 0.00023033391478784714, "meanLogLagDbp": -15.498824225289482, "logLagDbp": 9.911939152819755, "meanLogLagSbp": 9.546595738742326, "logLagSbp": -7.913612825027009, "age": -0.3308040113550199, "gender": 0.9069569089812006, "meanLagTotChol": 0.9374547483668834}, "standard_errors": {"Intercept": 2.4728289119746703, "smokingStatus[T.1]": 0.14935149501936035, "smokingStatus[T.2]": 0.20358925199356204, "raceEthnicity[T.3]": 0.1932496892051919, "raceEthnicity[T.4]": 0.22098505687009476, "raceEthnicity[T.5]": 0.4647635712497869, "meanLagA1c": 0.10284006298784099, "lagA1c": 0.08319834559916904, "meanLagHdl": 0.03546580141475552, "lagHdl": 0.00553416083966194, "meanLagBmi": 0.03386056210867416, "lagBmi": 0.031497153430641224, "meanLagLdl": 0.03526322512090284, "lagLdl": 0.0022898894870313014, "meanLagTrig": 0.006763401208155461, "lagTrig": 0.00060904669359465, "meanLogLagDbp": 0.5903443841324005, "logLagDbp": 0.5531058804729165, "meanLogLagSbp": 0.9832572729380405, "logLagSbp": 0.8287149936652427, "age": 0.005268250214637312, "gender": 0.1270826956820892, "meanLagTotChol": 0.035111674032405095}, "residual_mean": 1.6150075387678217e-12, "residual_standard_deviation": 28.836944919718878}