{"coefficients": {"Intercept": 48.2507439594674, "smokingStatus[T.1]": -0.8827440074405573, "smokingStatus[T.2]": -0.20284262110922224, "raceEthnicity[T.3]": -1.928959191680896, "raceEthnicity[T.4]": -2.0506839285590637, "raceEthnicity[T.5]": -1.4288046126077134, "meanLagA1c": 0.5239516472856456, "lagA1c": -0.41530384612814275, "meanLagHdl": 0.31201780312677085, "lagHdl": 0.06988953023702855, "meanLagBmi": -0.2503496314244318, "lagBmi": 0.12005277145586095, "meanLagLdl": 0.2951761228442772, "lagLdl": 0.06109283350669567, "meanLagTrig": 0.04819039054479915, "lagTrig": 0.009001422793141502, "meanLagWaist": 0.08817804307054677, "lagWaist": -0.06628247110879398, "meanLagAnyPhysicalActivity": 0.15871437449418124, "lagAnyPhysicalActivity": 0.0012772375603075092, "meanLagAntiHypertensiveCount": 1.7704031058249363, "lagAntiHypertensiveCount": -1.539659046334993, "meanLagStatin": 6.013684048622373, "lagStatin": -6.594985231027739, "meanLagAfib": 4.740500842516251, "lagAfib": -3.1332779038537373, "meanLogLagDbp": -13.468744547139664, "logLagDbp": 4.041412899993119, "meanLogLagSbp": 12.36659757185879, "logLagSbp": -8.914109548116137, "age": -0.1494060293046725, "gender": 1.0147699172314493, "meanLagTotChol": 0.5683530066948024}, "coefficient_standard_errors": {"Intercept": 2.0485291426596013, "smokingStatus[T.1]": 0.11708783756902143, "smokingStatus[T.2]": 0.15907600149963957, "raceEthnicity[T.3]": 0.1523175263754103, "raceEthnicity[T.4]": 0.17455107741692769, "raceEthnicity[T.5]": 0.36039508389602554, "meanLagA1c": 0.08192038966429285, "lagA1c": 0.06678620858758658, "meanLagHdl": 0.043944535198384836, "lagHdl": 0.006386968539069111, "meanLagBmi": 0.04085955577132812, "lagBmi": 0.0337334219873274, "meanLagLdl": 0.04357452361619299, "lagLdl": 0.0024002061992585465, "meanLagTrig": 0.008508533847418363, "lagTrig": 0.0008445287401459504, "meanLagWaist": 0.01325853939958839, "lagWaist": 0.010038457904211387, "meanLagAnyPhysicalActivity": 0.28756991523187, "lagAnyPhysicalActivity": 0.24743198381415935, "meanLagAntiHypertensiveCount": 0.11991350383022707, "lagAntiHypertensiveCount": 0.09393787472771367, "meanLagStatin": 0.292862908771828, "lagStatin": 0.21977755551878805, "meanLagAfib": 0.5400857064334946, "lagAfib": 0.4319346983526648, "meanLogLagDbp": 0.448536849755567, "logLagDbp": 0.4312694279324648, "meanLogLagSbp": 0.7750249702437989, "logLagSbp": 0.6437762435205959, "age": 0.004526600380397252, "gender": 0.10870122595208566, "meanLagTotChol": 0.043329702776168814}, "residual_mean": 6.616746604268349e-13, "residual_standard_deviation": 22.453048631654386}