{"coefficients": {"Intercept": 39.76705351713463, "smokingStatus[T.1]": 3.694362537028603, "smokingStatus[T.2]": 3.666141453019188, "raceEthnicity[T.3]": 0.1911293887281591, "raceEthnicity[T.4]": -0.6738776641632249, "raceEthnicity[T.5]": 2.695600592836591, "meanLagA1c": 0.25073908720779237, "lagA1c": -0.30454286773339956, "meanLagHdl": -0.144362571128828, "lagHdl": 0.023768321494590988, "meanLagBmi": 0.43024945890240396, "lagBmi": -0.4453402143123397, "meanLagLdl": -0.2657955686993547, "lagLdl": 0.0005527227669348891, "meanLagTrig": -0.04130048679573445, "lagTrig": -0.0019904957902778866, "meanLogLagDbp": -17.990948685346225, "logLagDbp": 11.85180023080013, "meanLogLagSbp": 10.634033504606464, "logLagSbp": -8.547144287619908, "age": -0.3329827154928813, "gender": 0.8538171192385438, "meanLagTotChol": 1.170236316708436}, "coefficient_standard_errors": {"Intercept": 2.491506965576611, "smokingStatus[T.1]": 0.15044975568720734, "smokingStatus[T.2]": 0.20502832450250727, "raceEthnicity[T.3]": 0.19480731432771192, "raceEthnicity[T.4]": 0.22253062438910445, "raceEthnicity[T.5]": 0.4681666002163418, "meanLagA1c": 0.10330483155837093, "lagA1c": 0.08330974032151257, "meanLagHdl": 0.037328523228648415, "lagHdl": 0.005549852586511762, "meanLagBmi": 0.03406985000105724, "lagBmi": 0.031690280677779084, "meanLagLdl": 0.03713573637293273, "lagLdl": 0.002302350008676148, "meanLagTrig": 0.007133679190132032, "lagTrig": 0.00063351323593996, "meanLogLagDbp": 0.6281008716833951, "logLagDbp": 0.5699287350321872, "meanLogLagSbp": 0.9995826593953725, "logLagSbp": 0.8403138212477687, "age": 0.005305606975499339, "gender": 0.12801893795739597, "meanLagTotChol": 0.036978094262851584}, "residual_mean": 3.335128124439886e-12, "residual_standard_deviation": 29.04045412669015}