{"coefficients": {"Intercept": 47.73351571898297, "smokingStatus[T.1]": -0.8049968678253343, "smokingStatus[T.2]": -0.02445475474309511, "raceEthnicity[T.3]": -1.9260033018332692, "raceEthnicity[T.4]": -2.0455644586796318, "raceEthnicity[T.5]": -1.451472418870722, "meanLagA1c": 0.5630901293635466, "lagA1c": -0.45928926268871034, "meanLagHdl": 0.17158869337021287, "lagHdl": 0.06738269243728065, "meanLagBmi": -0.27674919189741143, "lagBmi": 0.1426568557587414, "meanLagLdl": 0.15338018863023306, "lagLdl": 0.058867404591085526, "meanLagTrig": 0.01986420663859667, "lagTrig": 0.008699903543984448, "meanLagWaist": 0.07746646449403194, "lagWaist": -0.05548918036074982, "meanLagAnyPhysicalActivity": -0.047466071862345416, "lagAnyPhysicalActivity": 0.10361426149655428, "meanLagAntiHypertensiveCount": 1.6633951297178022, "lagAntiHypertensiveCount": -1.4655803197014108, "meanLagStatin": 6.296522933118585, "lagStatin": -6.814476241091658, "meanLagAfib": 4.66878700162011, "lagAfib": -2.98212365681843, "meanLagAlcoholPerWeek": -0.010563949119691982, "lagAlcoholPerWeek": 0.005056440092035734, "meanLogLagDbp": -14.091896880076945, "logLagDbp": 4.4487368069613495, "meanLogLagSbp": 13.738264681966712, "logLagSbp": -9.792919567473234, "age": -0.1575724297119805, "gender": 0.8641966741360037, "meanLagTotChol": 0.7125713913776075}, "coefficient_standard_errors": {"Intercept": 2.049832111089423, "smokingStatus[T.1]": 0.11692669397226979, "smokingStatus[T.2]": 0.160179811967147, "raceEthnicity[T.3]": 0.15180273324455246, "raceEthnicity[T.4]": 0.17409107428487372, "raceEthnicity[T.5]": 0.3589946633308938, "meanLagA1c": 0.08141490598168093, "lagA1c": 0.06629587145564517, "meanLagHdl": 0.044198477262899286, "lagHdl": 0.006376129895444253, "meanLagBmi": 0.039966200552479667, "lagBmi": 0.03280410945794012, "meanLagLdl": 0.043830141042932445, "lagLdl": 0.0023959775125316214, "meanLagTrig": 0.00855460866684541, "lagTrig": 0.0008636335748278553, "meanLagWaist": 0.013081715639814459, "lagWaist": 0.009871807678252376, "meanLagAnyPhysicalActivity": 0.2891524956560622, "lagAnyPhysicalActivity": 0.24980905765472394, "meanLagAntiHypertensiveCount": 0.11971517402162019, "lagAntiHypertensiveCount": 0.09368178975702561, "meanLagStatin": 0.29217148244689234, "lagStatin": 0.21902719091941927, "meanLagAfib": 0.537903785972983, "lagAfib": 0.43007554615502736, "meanLagAlcoholPerWeek": 0.00126564198558667, "lagAlcoholPerWeek": 0.0010021160671439136, "meanLogLagDbp": 0.4637293792524753, "logLagDbp": 0.43543228982773224, "meanLogLagSbp": 0.7783961114642701, "logLagSbp": 0.6437846914138678, "age": 0.004567561042966575, "gender": 0.10898293840252431, "meanLagTotChol": 0.043570063157539474}, "residual_mean": 4.54431017733758e-13, "residual_standard_deviation": 22.365507246140012}