{"coefficients": {"Intercept": -30.734624857793506, "smokingStatus[T.1]": 1.902244659220079, "smokingStatus[T.2]": 2.1285799385364617, "raceEthnicity[T.3]": 2.3286405755004616, "raceEthnicity[T.4]": 1.3040841798687595, "raceEthnicity[T.5]": -2.6056556661250276, "meanLagA1c": 0.10236546389935197, "lagA1c": -0.3267232257737147, "meanLagHdl": -1.5093516998574676, "lagHdl": 0.16144236131177658, "meanLagTotChol": 1.5221147007996727, "lagTotChol": 0.05202926787867522, "meanLagBmi": -0.8178983317263451, "lagBmi": 1.0148722581344447, "meanLagLdl": -1.6828587583537344, "lagLdl": 0.1311525855552036, "meanLagWaist": -0.30767328025732565, "lagWaist": 0.1917435782350394, "meanLagAnyPhysicalActivity": -0.1435709624027126, "lagAnyPhysicalActivity": -0.23171704083644018, "meanLagAntiHypertensiveCount": 0.9902834601102146, "lagAntiHypertensiveCount": -1.8489222950745752, "meanLagStatin": 11.877193687849708, "lagStatin": -12.344232338524932, "meanLagAfib": 9.786955493613734, "lagAfib": -7.765160247705287, "meanLogLagDbp": -8.635442057561534, "logLagDbp": 11.022575590011677, "meanLogLagSbp": 12.78694918111664, "logLagSbp": -10.130127471115873, "age": -0.0031544406651982937, "gender": -0.05946211545170321, "meanLagTrig": 0.6848530252417643}, "coefficient_standard_errors": {"Intercept": 6.189691600254568, "smokingStatus[T.1]": 0.3537869746326804, "smokingStatus[T.2]": 0.48065162702667463, "raceEthnicity[T.3]": 0.46023148570169486, "raceEthnicity[T.4]": 0.527410773251769, "raceEthnicity[T.5]": 1.088943240154761, "meanLagA1c": 0.2475363783405821, "lagA1c": 0.20181177845089937, "meanLagHdl": 0.13385129271461216, "lagHdl": 0.025649255524331328, "meanLagTotChol": 0.13162412970889498, "lagTotChol": 0.013544918793477818, "meanLagBmi": 0.12351505069246484, "lagBmi": 0.10199718465461008, "meanLagLdl": 0.13206048473533397, "lagLdl": 0.01251862723636229, "meanLagWaist": 0.040062882040048, "lagWaist": 0.03033340601650362, "meanLagAnyPhysicalActivity": 0.8688973075127293, "lagAnyPhysicalActivity": 0.7476190684642114, "meanLagAntiHypertensiveCount": 0.36232582094331, "lagAntiHypertensiveCount": 0.2838401333272448, "meanLagStatin": 0.8856750298951421, "lagStatin": 0.6650791809936777, "meanLagAfib": 1.6319006528725597, "lagAfib": 1.3051235114502482, "meanLogLagDbp": 1.3554311758518685, "logLagDbp": 1.3034477935472677, "meanLogLagSbp": 2.341759372061656, "logLagSbp": 1.9452236264729597, "age": 0.013677212520343393, "gender": 0.3284435990130278, "meanLagTrig": 0.025582249443700824}, "residual_mean": -3.2853290190795617e-12, "residual_standard_deviation": 67.84247732017617}