{"parameters": {"Intercept": -30.945939749768172, "smokingStatus[T.1]": -8.922404160487712, "smokingStatus[T.2]": -10.236143373597496, "raceEthnicity[T.3]": 10.136303744748595, "raceEthnicity[T.4]": 10.462514674595813, "raceEthnicity[T.5]": -5.218534369945965, "meanLagA1c": -0.730103633705971, "lagA1c": 0.8851096778114962, "meanLagHdl": -1.1538633102503093, "lagHdl": 0.829883710486381, "meanLagTotChol": 0.8903949524048486, "lagTotChol": -0.44397685015532, "meanLagBmi": -4.039692157566341, "lagBmi": 3.874596468763314, "meanLagLdl": -0.9978955275880727, "lagLdl": 0.5929633112788563, "meanLogLagDbp": 26.426995188121865, "logLagDbp": -23.172698730953073, "meanLogLagSbp": -19.442278154353176, "logLagSbp": 14.298326274790625, "age": 0.6682637704838967, "gender": -0.2213580632745762, "meanLagTrig": 0.8991557162938973}, "standard_errors": {"Intercept": 10.49398818673321, "smokingStatus[T.1]": 0.633825906423803, "smokingStatus[T.2]": 0.8639759092782957, "raceEthnicity[T.3]": 0.8200960882391131, "raceEthnicity[T.4]": 0.9377974476142252, "raceEthnicity[T.5]": 1.972321761575272, "meanLagA1c": 0.4366283792662653, "lagA1c": 0.35332905310192686, "meanLagHdl": 0.1514588185165582, "lagHdl": 0.028930683615164977, "meanLagTotChol": 0.14974910150239826, "lagTotChol": 0.014754122458157739, "meanLagBmi": 0.14413132401376597, "lagBmi": 0.13413283210025756, "meanLagLdl": 0.14996172854619846, "lagLdl": 0.013487736647245913, "meanLogLagDbp": 2.5056634819559767, "logLagDbp": 2.3480712173331133, "meanLogLagSbp": 4.172623022017986, "logLagSbp": 3.5168297462539715, "age": 0.022356786736622603, "gender": 0.5393024595226575, "meanLagTrig": 0.02858584580475932}, "residual_mean": 1.1249045316541042e-12, "residual_standard_deviation": 122.37562180057722}