{"coefficients": {"Intercept": -34.093432282063304, "smokingStatus[T.1]": -8.876812991656557, "smokingStatus[T.2]": -10.303326792076582, "raceEthnicity[T.3]": 10.502907067278395, "raceEthnicity[T.4]": 10.432258289507466, "raceEthnicity[T.5]": -4.451762392435954, "meanLagA1c": -1.478842264347091, "lagA1c": 1.429312631980492, "meanLagHdl": -2.843068576806194, "lagHdl": 0.7848962429334068, "meanLagTotChol": 2.633469736039179, "lagTotChol": -0.4246486567982561, "meanLagBmi": -4.107302876189019, "lagBmi": 3.9680304536946216, "meanLagLdl": -2.7561188475740153, "lagLdl": 0.5792997431111316, "meanLogLagDbp": 27.27752042614229, "logLagDbp": -23.62647011204085, "meanLogLagSbp": -21.488622567984628, "logLagSbp": 16.463688582516568, "age": 0.6748453789743559, "gender": -0.5267947047529038, "meanLagTrig": 0.5529228033485702}, "coefficient_standard_errors": {"Intercept": 10.241861442539836, "smokingStatus[T.1]": 0.6184673719207664, "smokingStatus[T.2]": 0.8428108634168636, "raceEthnicity[T.3]": 0.8007958661762856, "raceEthnicity[T.4]": 0.9147582000525077, "raceEthnicity[T.5]": 1.924495149974846, "meanLagA1c": 0.4248197778801898, "lagA1c": 0.3426691655596527, "meanLagHdl": 0.15436186356481324, "lagHdl": 0.02823880762844391, "meanLagTotChol": 0.15270935685136233, "lagTotChol": 0.014392794506873155, "meanLagBmi": 0.14033598886552978, "lagBmi": 0.13057425825197688, "meanLagLdl": 0.15295956746465364, "lagLdl": 0.013196375136755423, "meanLogLagDbp": 2.5823255251302313, "logLagDbp": 2.343585981073547, "meanLogLagSbp": 4.108959398428329, "logLagSbp": 3.454291587009067, "age": 0.02180954818847219, "gender": 0.5262484428506986, "meanLagTrig": 0.029210756922092563}, "residual_mean": -3.1782350054899347e-12, "residual_standard_deviation": 119.3767647861222}