{"coefficients": {"Intercept": 2.9344641114403203, "smokingStatus[T.1]": 0.1899606587850755, "smokingStatus[T.2]": -0.17080198700778348, "raceEthnicity[T.3]": 0.8614393584652476, "raceEthnicity[T.4]": 0.7010398692628996, "raceEthnicity[T.5]": 0.020951826745536195, "meanLagA1c": -0.1756313792057429, "lagA1c": 0.08177673844479362, "meanLagHdl": -0.003735690456061591, "lagHdl": -0.03166457850444912, "meanLagTotChol": -0.019764680513526922, "lagTotChol": 0.04176275716524769, "meanLagBmi": -0.22260066249241595, "lagBmi": 0.5509330165192077, "meanLagLdl": 0.0186922166441012, "lagLdl": -0.040678694845129204, "meanLagTrig": 0.0011400487287545405, "lagTrig": -0.006108256603402676, "meanLagAnyPhysicalActivity": 0.21154374778977214, "lagAnyPhysicalActivity": 0.013034905485616144, "meanLagAntiHypertensiveCount": -0.9573255095781246, "lagAntiHypertensiveCount": 0.6271808816621847, "meanLagStatin": -1.0567341912913957, "lagStatin": 0.791990700812282, "meanLagAfib": -0.42973725436629895, "lagAfib": -0.4155075089851241, "meanLagAlcoholPerWeek": 0.004278055148704246, "lagAlcoholPerWeek": -0.00040657856406581467, "meanLogLagDbp": 4.690799759165557, "logLagDbp": -0.1462531928122104, "meanLogLagSbp": -4.37650151641132, "logLagSbp": 0.004718876008755757, "age": 0.08275631888531113, "gender": -0.5365494767820831, "meanLagWaist": 0.8606295968770383}, "coefficient_standard_errors": {"Intercept": 0.6143640530451899, "smokingStatus[T.1]": 0.03504391187743881, "smokingStatus[T.2]": 0.04800703715258627, "raceEthnicity[T.3]": 0.045495974722345164, "raceEthnicity[T.4]": 0.052174537945326865, "raceEthnicity[T.5]": 0.10759662674731403, "meanLagA1c": 0.024397683211716033, "lagA1c": 0.019867286560314883, "meanLagHdl": 0.015976259931456464, "lagHdl": 0.009132084121058641, "meanLagTotChol": 0.015702184873592675, "lagTotChol": 0.008719446377197607, "meanLagBmi": 0.010299762749880502, "lagBmi": 0.007456679898822726, "meanLagLdl": 0.015745233100778862, "lagLdl": 0.008709196933793312, "meanLagTrig": 0.0030397772641880326, "lagTrig": 0.0016532573280546533, "meanLagAnyPhysicalActivity": 0.08665844109644581, "lagAnyPhysicalActivity": 0.07486961514043364, "meanLagAntiHypertensiveCount": 0.03583978389217723, "lagAntiHypertensiveCount": 0.02804207357970466, "meanLagStatin": 0.08762099603662718, "lagStatin": 0.06572546602023302, "meanLagAfib": 0.16122009044888547, "lagAfib": 0.12890267373034747, "meanLagAlcoholPerWeek": 0.00037930650831479384, "lagAlcoholPerWeek": 0.00030034869656635823, "meanLogLagDbp": 0.13885166564564846, "logLagDbp": 0.13053141384579706, "meanLogLagSbp": 0.23312164129566926, "logLagSbp": 0.19291933851695728, "age": 0.0013605268671993593, "gender": 0.032661171534116976, "meanLagWaist": 0.002715016040112602}, "residual_mean": 5.044645559685944e-13, "residual_standard_deviation": 6.7033213557961275}