{"coefficients": {"Intercept": 2.189538068721731, "smokingStatus[T.1]": 0.19793202430883738, "smokingStatus[T.2]": -0.09299069257544623, "raceEthnicity[T.3]": 0.888865945684433, "raceEthnicity[T.4]": 0.7422256573271504, "raceEthnicity[T.5]": -0.02332465429299546, "meanLagA1c": -0.19210391732218435, "lagA1c": 0.0945543872565627, "meanLagHdl": 0.011708140467733663, "lagHdl": -0.040217779587133684, "meanLagTotChol": -0.03485841621564409, "lagTotChol": 0.050166206205968414, "meanLagBmi": -0.23647629542343696, "lagBmi": 0.5635697120309417, "meanLagLdl": 0.03424557281006263, "lagLdl": -0.04969152567144382, "meanLagTrig": 0.004397471838118637, "lagTrig": -0.008015558300380646, "meanLagAnyPhysicalActivity": 0.2535226480727637, "lagAnyPhysicalActivity": -0.07093626967208155, "meanLagAntiHypertensiveCount": -0.9826955389080423, "lagAntiHypertensiveCount": 0.6198406636381663, "meanLagStatin": -1.1097707083889912, "lagStatin": 0.8557551270570192, "meanLagAfib": -0.5447694408760793, "lagAfib": -0.1648124034633014, "meanLogLagDbp": 4.407787788575128, "logLagDbp": 0.06541940496084919, "meanLogLagSbp": -3.828777463747464, "logLagSbp": -0.17997906207376957, "age": 0.07879974653645005, "gender": -0.621038476178077, "meanLagWaist": 0.8589552828824418}, "coefficient_standard_errors": {"Intercept": 0.6110783873501628, "smokingStatus[T.1]": 0.034927065948388174, "smokingStatus[T.2]": 0.047452300083185864, "raceEthnicity[T.3]": 0.04543453280396174, "raceEthnicity[T.4]": 0.05206522465521291, "raceEthnicity[T.5]": 0.10750615590552588, "meanLagA1c": 0.024428586115626375, "lagA1c": 0.01991488316710763, "meanLagHdl": 0.015439901854761592, "lagHdl": 0.008374650657327273, "meanLagTotChol": 0.015166084617698103, "lagTotChol": 0.007931688913504003, "meanLagBmi": 0.010398009295070934, "lagBmi": 0.0075494166626567435, "meanLagLdl": 0.015203391338032696, "lagLdl": 0.007915606003847093, "meanLagTrig": 0.0029347641071818128, "lagTrig": 0.0014943690924997, "meanLagAnyPhysicalActivity": 0.08577670815637897, "lagAnyPhysicalActivity": 0.07380666946983823, "meanLagAntiHypertensiveCount": 0.03574092867636986, "lagAntiHypertensiveCount": 0.027999389721133666, "meanLagStatin": 0.08742010951491001, "lagStatin": 0.06564699789744462, "meanLagAfib": 0.1611002814008348, "lagAfib": 0.12884687645905646, "meanLogLagDbp": 0.13368148711665304, "logLagDbp": 0.12868987044139446, "meanLogLagSbp": 0.2310709727565095, "logLagSbp": 0.1920268039479467, "age": 0.0013424440940242532, "gender": 0.03242089639085575, "meanLagWaist": 0.0027282931601283434}, "residual_mean": -3.9540796026001294e-13, "residual_standard_deviation": 6.697775819287536}